id,value,feed_id,created_at,lat,lon,ele
0FR5C0N98AN0Q7D0H98M6JE05N,92.6462,2942772,2024-11-22 20:40:19 UTC,,,
0FR5C1ZQEKKF89RAFPBMZ7F813,94.3315,2942772,2024-11-22 20:42:38 UTC,,,
0FR5C4NYC6P4HSMZWBXG04FBPB,100.23,2942772,2024-11-22 20:47:21 UTC,,,
0FR5CAET013W054FZCFGR3VFZH,106.129,2942772,2024-11-22 20:57:27 UTC,,,
0FR5CDCACSH9FFKW9B9FX53JMX,107.814,2942772,2024-11-22 21:02:33 UTC,,,
0FR5CEV43TCBKRNN2MR72CXGDN,105.286,2942772,2024-11-22 21:05:06 UTC,,,
0FR5CHN85DW8GARE31GK6NS507,102.758,2942772,2024-11-22 21:10:02 UTC,,,
0FR5CK0XB9TESQDSG6JTH62JWD,101.915,2942772,2024-11-22 21:12:25 UTC,,,
0FR5CP2HNSB6CYE0X02VQ42GFJ,103.601,2942772,2024-11-22 21:17:45 UTC,,,
0FR5CQE1VXF06060Q5RR1D3ZHA,104.443,2942772,2024-11-22 21:20:07 UTC,,,
0FR5EDP7WRASBZD38VE8VW1WYY,103.601,2942772,2024-11-22 22:54:56 UTC,,,
0FR5ENE1261FFSBZTFJVZ5QP9T,93.4888,2942772,2024-11-22 23:08:28 UTC,,,
0FR5ER33749965M08KYZGSEZYS,94.3315,2942772,2024-11-22 23:13:07 UTC,,,
0FR5EW5T64PQW321WH30B3JDN0,93.4888,2942772,2024-11-22 23:20:15 UTC,,,
0FR5EZ483GX0H9QJ029DK9BZYM,89.2756,2942772,2024-11-22 23:25:25 UTC,,,
0FR5F22N6ZJ90SQQHVVWN09T1E,90.9609,2942772,2024-11-22 23:30:34 UTC,,,
0FR5F555J8X9AJRJ731G79YQM1,87.5904,2942772,2024-11-22 23:35:57 UTC,,,
0FR5F55813SCG7AAZ2STAS9BYH,87.5904,2942772,2024-11-22 23:35:57 UTC,,,
0FR5F6KYQ87HVVCV3FWGMKAACT,86.7477,2942772,2024-11-22 23:38:30 UTC,,,
0FR5F995NZECKDZKQKQAKK1NXE,85.905,2942772,2024-11-22 23:43:10 UTC,,,
0FR5FAMK9BY9H96DH38RH2SS72,82.5345,2942772,2024-11-22 23:45:32 UTC,,,
0FR5FG7EZ2AC1RHMB6BYF7HKDZ,81.6918,2942772,2024-11-22 23:55:18 UTC,,,
0FR5FKDSSG0H42RWD7D9RF26FC,82.5345,2942772,2024-11-23 00:00:53 UTC,,,
0FR5FMS9Y6QZTT12ER37VQ6314,81.6918,2942772,2024-11-23 00:03:16 UTC,,,
0FR5FQQHNYF2P6GA6DE3BVK7CJ,81.6918,2942772,2024-11-23 00:08:25 UTC,,,
0FR5FTCVD3YF0YEF2KEX0DE1T4,79.1639,2942772,2024-11-23 00:13:04 UTC,,,
0FR5FXB36MX5YVS45G4D2HFDGD,74.9507,2942772,2024-11-23 00:18:13 UTC,,,
0FR5G00H21NNWFNARKPV3AP9VY,76.6359,2942772,2024-11-23 00:22:53 UTC,,,
0FR5G2M7SS3B7MX1S2ESBN0R1P,79.1639,2942772,2024-11-23 00:27:27 UTC,,,
0FR5G3ZRM0VV60XDSYCZHSTMBZ,74.9507,2942772,2024-11-23 00:29:50 UTC,,,
0FR5G6SHSPH2YZEFA6XN5ZAV6T,72.4227,2942772,2024-11-23 00:34:44 UTC,,,
0FR5G9QP2MQ4TBCZ8EJMJ6P6GN,75.7933,2942772,2024-11-23 00:39:53 UTC,,,
0FR5GB38P66S4RR22MWEE51MKM,72.4227,2942772,2024-11-23 00:42:15 UTC,,,
0FR5GDTD79KFHZ0PVKJHM3AAG5,76.6359,2942772,2024-11-23 00:47:01 UTC,,,
0FR5GGE3G07C012BDDPST5J81V,74.9507,2942772,2024-11-23 00:51:35 UTC,,,
0FR5GKC93V3R9K826JVK4GMF0P,74.9507,2942772,2024-11-23 00:56:44 UTC,,,
0FR5GMQPYWCK7GY22ACG0CYJ8K,74.108,2942772,2024-11-23 00:59:06 UTC,,,
0FR5GQHZDRZ10QNC8DMK6T66Y2,72.4227,2942772,2024-11-23 01:04:02 UTC,,,
0FR5GT7B54YMCS2MJ5J0Y2T9W4,74.108,2942772,2024-11-23 01:08:42 UTC,,,
0FR5GVMEJN3EGCKE0MEX7KPDSW,74.9507,2942772,2024-11-23 01:11:09 UTC,,,
0FR5GY9VYB112BC829QRYPQVQ2,74.108,2942772,2024-11-23 01:15:49 UTC,,,
0FR5H17Z47W2SQEH1SRMRSXKZG,68.2094,2942772,2024-11-23 01:20:58 UTC,,,
0FR5H4625T5MBRDV8E1FYM5BTJ,70.7374,2942772,2024-11-23 01:26:06 UTC,,,
0FR5H6EC12G2V2A7308J68F5WF,71.5801,2942772,2024-11-23 01:30:03 UTC,,,
0FR5H7SWHV8R72Q74PFHYMZW3K,73.2654,2942772,2024-11-23 01:32:26 UTC,,,
0FR5HAV0KFX5P4QG6SY38D2V0X,73.2654,2942772,2024-11-23 01:37:44 UTC,,,
0FR5HDS57VZ7ZBAPRX5DH1TJWP,70.7374,2942772,2024-11-23 01:42:52 UTC,,,
0FR5HHSR0ZWBNQ1RK4GKS0AZ0A,70.7374,2942772,2024-11-23 01:49:54 UTC,,,
0FR5HMR12HS2V9540W8SDSVZ66,70.7374,2942772,2024-11-23 01:55:03 UTC,,,
0FR5HQDA2Z9GRVQ77QBPVQHZY6,73.2654,2942772,2024-11-23 01:59:42 UTC,,,
0FR5HX718RPT8DHMRKCWJBK1T5,70.7374,2942772,2024-11-23 02:09:51 UTC,,,
0FR5HZWATPY8XQC2WJSCPN6H09,69.8948,2942772,2024-11-23 02:14:30 UTC,,,
0FR5J1J78SMFKZFZN0A8DDM4JZ,69.0521,2942772,2024-11-23 02:17:27 UTC,,,
0FR5J5WS02ZMVXP0KDD33DEX98,69.0521,2942772,2024-11-23 02:25:01 UTC,,,
0FR5J8V13CCRJ68PKNA0WFSFX6,69.0521,2942772,2024-11-23 02:30:10 UTC,,,
0FR5JCT7NBYE2CZD360VPKD2Y5,70.7374,2942772,2024-11-23 02:37:06 UTC,,,
0FR5JFRATDWWJNZAT0ZZYVPJ9B,70.7374,2942772,2024-11-23 02:42:15 UTC,,,
0FR5JJPJHVR99D5YVQCQHGZVQJ,69.0521,2942772,2024-11-23 02:47:24 UTC,,,
0FR5JNGRC9K2GSSR465JPZSAZV,69.0521,2942772,2024-11-23 02:52:19 UTC,,,
0FR5JREKYVSRCBQR14QQB9HD8G,67.3669,2942772,2024-11-23 02:57:27 UTC,,,
0FR5JVCPWCEF4H6Z9EC1MHTKQ2,68.2094,2942772,2024-11-23 03:02:35 UTC,,,
0FR5JYTNCWDC8JA5KAW6WV3SC7,66.5242,2942772,2024-11-23 03:08:35 UTC,,,
0FR5K1FY6X7FSCS1HW72JYGVKG,63.9962,2942772,2024-11-23 03:13:15 UTC,,,
0FR5K4FWH4409RFZAN8G2PVHJ5,66.5242,2942772,2024-11-23 03:18:29 UTC,,,
0FR5NCVR0XV27K1W0R93J8ZVZ8,58.9404,2942772,2024-11-23 05:24:58 UTC,,,
0FR5TBYMTCENEP9JDKAZG0CDE0,55.5698,2942772,2024-11-23 10:03:00 UTC,,,
0FR5TERRY8Y6W4BGEB8Q12SFXB,59.783,2942772,2024-11-23 10:07:55 UTC,,,
0FR5TG4992EK5T9KZKKQKSPCFK,55.5698,2942772,2024-11-23 10:10:17 UTC,,,
0FR5TJSP9SDC1SYSRESNZXRY40,55.5698,2942772,2024-11-23 10:14:57 UTC,,,
0FR5TQ2KE9CAC6YJN66EDPFK9C,56.4124,2942772,2024-11-23 10:22:26 UTC,,,
0FR5WTJT47VFT0S55AFNG65V26,59.783,2942772,2024-11-23 12:20:25 UTC,,,
0FR5WZC7FG4RV8SZ7EVN1ZSVTW,59.783,2942772,2024-11-23 12:28:47 UTC,,,
0FR5XXBKXTGZPD5Q6975D88JED,62.311,2942772,2024-11-23 13:21:11 UTC,,,
0FR5YW5HT7SHW70ENBA53G4PRS,59.783,2942772,2024-11-23 14:15:02 UTC,,,
0FR5YXN66J94PB3YC9EKHMWN7C,62.311,2942772,2024-11-23 14:17:38 UTC,,,
0FR5Z0BYFMANST9H9J2D114ZGT,65.6815,2942772,2024-11-23 14:22:22 UTC,,,
0FR5Z317CMVKRWTC0Y13P70Z84,67.3669,2942772,2024-11-23 14:27:02 UTC,,,
0FR5Z5ZAC5FKPEHV16055N0Z9B,60.6257,2942772,2024-11-23 14:32:10 UTC,,,
0FR5ZAG4T8CB5ASBFY15F7AK71,62.311,2942772,2024-11-23 14:40:04 UTC,,,
0FR5ZDED20MFP40XBD1XZK560J,63.9962,2942772,2024-11-23 14:45:13 UTC,,,
0FR5ZGCCQVY2RKBBW8B57J6PQ2,69.0521,2942772,2024-11-23 14:50:21 UTC,,,
0FR5ZKAFWADQX7A0M4ZS8CYC4D,69.8948,2942772,2024-11-23 14:55:30 UTC,,,
0FR5ZQ9V9D8DYRYS7DR6AAPWPP,69.0521,2942772,2024-11-23 15:02:27 UTC,,,
0FR5ZTWVT84HV6CJSGCCNZ8ECS,69.0521,2942772,2024-11-23 15:08:44 UTC,,,
0FR5ZXY5Y9RQTS7AYV2AM7052V,68.2094,2942772,2024-11-23 15:14:03 UTC,,,
0FR5ZXY8CR2V3EP9D1QN0KSMY4,68.2094,2942772,2024-11-23 15:14:03 UTC,,,
0FR5ZZ9P4G8AH8SB5BT4YR972M,69.0521,2942772,2024-11-23 15:16:25 UTC,,,
0FR6029A61WP2C29SJ9BXRNPJJ,67.3669,2942772,2024-11-23 15:21:39 UTC,,,
0FR603MTC9TCNRYWFY8AXBGFNK,70.7374,2942772,2024-11-23 15:24:01 UTC,,,
0FR606BQ8E1GX102JHHAJJRXZR,70.7374,2942772,2024-11-23 15:28:46 UTC,,,
0FR609BC3Z53KE8M6Q41CY5ZYJ,67.3669,2942772,2024-11-23 15:33:59 UTC,,,
0FR60APW7YAZJ0E5JEXYKPASMV,68.2094,2942772,2024-11-23 15:36:22 UTC,,,
0FR60DC8F8C50ZHSNZJS0CC64Y,72.4227,2942772,2024-11-23 15:41:02 UTC,,,
0FR60HNYR6KY6KW4HJ1Z2A7RAS,73.2654,2942772,2024-11-23 15:48:33 UTC,,,
0FR60K1KQQMZBPKADVWC99YAW7,72.4227,2942772,2024-11-23 15:50:56 UTC,,,
0FR60NQ0FZCH2K21NFXZ6W4YFW,74.108,2942772,2024-11-23 15:55:36 UTC,,,
0FR60RCC74M5JTZP8VW2H6HJ16,74.108,2942772,2024-11-23 16:00:15 UTC,,,
0FR60SQZ2JHQHB6R9PAHXS86N0,74.108,2942772,2024-11-23 16:02:38 UTC,,,
0FR60WBT1NA6D1AAHSKHATKR8G,74.9507,2942772,2024-11-23 16:07:13 UTC,,,
0FR60Z13D29Z8Z4FHCY10393A8,75.7933,2942772,2024-11-23 16:11:53 UTC,,,
0FR613PVAA9SC278XP06TDEP7M,76.6359,2942772,2024-11-23 16:20:03 UTC,,,
0FR619245FF0X3E5HZXCKJTZ58,75.7933,2942772,2024-11-23 16:29:24 UTC,,,
0FR61G8DVF3GAJSKVE4AZ0F60R,75.7933,2942772,2024-11-23 16:41:59 UTC,,,
0FR61M014PD5DJ16PRTQT4W22Q,80.0066,2942772,2024-11-23 16:48:31 UTC,,,
0FR61NBHK54E3XJBGSBWQD555B,77.4786,2942772,2024-11-23 16:50:54 UTC,,,
0FR61RBEX657A1WX87CKTE4HB6,79.1639,2942772,2024-11-23 16:56:08 UTC,,,
0FR61W4A0CSTEVC73FBXK01Q8V,77.4786,2942772,2024-11-23 17:02:44 UTC,,,
0FR61YSK4AABG86BZY5J3CY7JN,80.0066,2942772,2024-11-23 17:07:23 UTC,,,
0FR621QQ94CT6Q5BVKMG10TM6E,82.5345,2942772,2024-11-23 17:12:32 UTC,,,
0FR6233BQSWDBSRD5RSQ09KVH2,79.1639,2942772,2024-11-23 17:14:55 UTC,,,
0FR625Q7JM0QP5W6X3JX5MRJFH,80.8492,2942772,2024-11-23 17:19:30 UTC,,,
0FR628CGAVTGC6BH8GH9VK75FV,80.0066,2942772,2024-11-23 17:24:09 UTC,,,
0FR62BAKCKQEGG8S4153CF6MQZ,79.1639,2942772,2024-11-23 17:29:17 UTC,,,
0FR62E8WDVR98VXJ41JMSD0M82,83.3771,2942772,2024-11-23 17:34:26 UTC,,,
0FR62GY5H7BDJT053DJ4EAW07H,80.0066,2942772,2024-11-23 17:39:06 UTC,,,
0FR62KW932Z4DBDJENH6B9C6GS,85.905,2942772,2024-11-23 17:44:14 UTC,,,
0FR62N7Y4TZBKG23MB8CPETVM0,82.5345,2942772,2024-11-23 17:46:37 UTC,,,
0FR62QX7T5JSH04MS73PTXJPY0,86.7477,2942772,2024-11-23 17:51:17 UTC,,,
0FR62TVEF5BBJ4A3WX0ZGJGSNG,86.7477,2942772,2024-11-23 17:56:25 UTC,,,
0FR62XV265M9WX0RA5D4GRD00P,88.433,2942772,2024-11-23 18:01:39 UTC,,,
0FR630S5QE42206CZKTDTK04JR,84.2198,2942772,2024-11-23 18:06:47 UTC,,,
0FR6324TXAA00ZAPC1GK4J8AK6,87.5904,2942772,2024-11-23 18:09:10 UTC,,,
0FR634T4FZG7ZC54402S3NRJZ5,88.433,2942772,2024-11-23 18:13:50 UTC,,,
0FR637SXFC7WCED5Y6WV3NVNVJ,98.5447,2942772,2024-11-23 18:19:04 UTC,,,
0FR6395JGXSZSPE5Z0YDPG24NZ,100.23,2942772,2024-11-23 18:21:27 UTC,,,
0FR63BTV27RBP6WWZ96DJYS3AJ,104.443,2942772,2024-11-23 18:26:06 UTC,,,
0FR63ES0X7Z76SMMCH02YK3978,106.971,2942772,2024-11-23 18:31:15 UTC,,,
0FR63G4KE5KKGACN85EZGNEE7R,106.129,2942772,2024-11-23 18:33:37 UTC,,,
0FR63JSX237FKMM8BY3C79PBVT,111.184,2942772,2024-11-23 18:38:17 UTC,,,
0FR63NR0E8Y6KFQD941GVC80XH,111.184,2942772,2024-11-23 18:43:25 UTC,,,
0FR63T00G0Y87RS9ZZCPH42CXN,116.24,2942772,2024-11-23 18:50:51 UTC,,,
0FR63WY3SMVGTZ2WSCTZ9XQZPT,115.398,2942772,2024-11-23 18:55:59 UTC,,,
0FR63ZW6ZCWN85X65KCDV35JFM,115.398,2942772,2024-11-23 19:01:08 UTC,,,
0FR6417W2SKH102QZ3H8046DV8,117.083,2942772,2024-11-23 19:03:31 UTC,,,
0FR643VQD83C4QGA6EF2AMEP0R,113.712,2942772,2024-11-23 19:08:06 UTC,,,
0FR646H5BYR8F2FSEFEPSB4H9N,112.87,2942772,2024-11-23 19:12:46 UTC,,,
0FR6496E994JBE01QP6W2SFTRA,111.184,2942772,2024-11-23 19:17:25 UTC,,,
0FR64C7JJWAV2VRCF283FR1VX1,115.398,2942772,2024-11-23 19:22:43 UTC,,,
0FR64F5P0QS74YNQXJQXQQPFMP,114.555,2942772,2024-11-23 19:27:52 UTC,,,
0FR64GH67XPM9RZWBPB8SY6T1H,112.87,2942772,2024-11-23 19:30:14 UTC,,,
0FR64N1X47SQ16SHDDJ00M11HG,116.24,2942772,2024-11-23 19:38:08 UTC,,,
0FR64PDD7NG8VJ9S1VCEDVR168,117.926,2942772,2024-11-23 19:40:31 UTC,,,
0FR64SB8TCYK29QWH76EW1062F,115.398,2942772,2024-11-23 19:45:39 UTC,,,
0FR64W9CDHAN89TTVN7BK3JDSK,113.712,2942772,2024-11-23 19:50:47 UTC,,,
0FR64YYNSPJA12NEBFSNRVY914,110.342,2942772,2024-11-23 19:55:26 UTC,,,
0FR650A3HQGRR6TD3GM867T63H,116.24,2942772,2024-11-23 19:57:49 UTC,,,
0FR652ZD9C6B3BZN44RV3N8DQ3,114.555,2942772,2024-11-23 20:02:28 UTC,,,
0FR655PC6KF0FSHTBKG7KBRZWT,108.657,2942772,2024-11-23 20:07:13 UTC,,,
0FR6572171H38C36WSR80JZJTK,108.657,2942772,2024-11-23 20:09:36 UTC,,,
0FR659Q9PFF65GAW38TR8KXWVH,113.712,2942772,2024-11-23 20:14:16 UTC,,,
0FR65CEHA22FWNDYGCFPY333VY,114.555,2942772,2024-11-23 20:19:01 UTC,,,
0FR65GDQJY70B77KR12WB75AGT,117.926,2942772,2024-11-23 20:25:58 UTC,,,
0FR65KF1D5CY4DG8J142ACFY45,116.24,2942772,2024-11-23 20:31:17 UTC,,,
0FR65PENXNSWR6S2VGZM55BNK4,116.24,2942772,2024-11-23 20:36:31 UTC,,,
0FR65S447C31SZJ2SZZYJVHNFF,111.184,2942772,2024-11-23 20:41:11 UTC,,,
0FR65VSD699GWTQ7YVFHJ01E22,106.129,2942772,2024-11-23 20:45:50 UTC,,,
0FR65YQGYAKGFS8F25JGYC731Y,107.814,2942772,2024-11-23 20:50:58 UTC,,,
0FR660387XAAZFG4FN8HJEGGXR,108.657,2942772,2024-11-23 20:53:22 UTC,,,
0FR662VPW54VA4CXF02DAD01N8,107.814,2942772,2024-11-23 20:58:12 UTC,,,
0FR665SWN8SGQWWQPJP57A0K3Q,110.342,2942772,2024-11-23 21:03:20 UTC,,,
0FR6675FDH1JJYT617E1KQS5QT,109.499,2942772,2024-11-23 21:05:43 UTC,,,
0FR669TVNNHA5HXSF5MNTH0BAB,111.184,2942772,2024-11-23 21:10:23 UTC,,,
0FR66B6BWXRSH5HXX0S3WZ8YW6,111.184,2942772,2024-11-23 21:12:45 UTC,,,
0FR66DW00BR85FT8AJ70CT89NJ,108.657,2942772,2024-11-23 21:17:26 UTC,,,
0FR66GJZS8RB5ZPW0GCJ7HKHGM,107.814,2942772,2024-11-23 21:22:11 UTC,,,
0FR66K898MQA4N8VF6F1J9WZC9,108.657,2942772,2024-11-23 21:26:50 UTC,,,
0FR66P6C8Z8TEWEWKK8GD7MEGR,108.657,2942772,2024-11-23 21:31:59 UTC,,,
0FR66QJ1FKQ6V0SFFN7KM51JN8,106.129,2942772,2024-11-23 21:34:22 UTC,,,
0FR66T5WM8YA0F2JTHH6SAA5Q1,109.499,2942772,2024-11-23 21:38:57 UTC,,,
0FR66WV5Y5QFJ37BXH5FGFJ3W2,106.971,2942772,2024-11-23 21:43:36 UTC,,,
0FR66ZTYH3T4JHSXY575WB6D3F,106.129,2942772,2024-11-23 21:48:50 UTC,,,
0FR672S1H9VMB89B76JWNB9M09,109.499,2942772,2024-11-23 21:53:58 UTC,,,
0FR675Q4MJ69J6D3VRQHB0VS39,107.814,2942772,2024-11-23 21:59:07 UTC,,,
0FR6772SQFX8E6RVEEVBTKJ4G8,103.601,2942772,2024-11-23 22:01:30 UTC,,,
0FR679PN09R8605EP5Q5XFMJQ2,106.971,2942772,2024-11-23 22:06:04 UTC,,,
0FR67CBYDA2FMV9SQ2DFNKME3H,105.286,2942772,2024-11-23 22:10:44 UTC,,,
0FR67E1ZGBZATGCS3WZ5RW7CCC,104.443,2942772,2024-11-23 22:13:41 UTC,,,
0FR67GYCMCGRN8TQWCF1TS7Z48,106.129,2942772,2024-11-23 22:18:44 UTC,,,
0FR67KKPHV148SGQPYV7XAADRM,107.814,2942772,2024-11-23 22:23:23 UTC,,,
0FR67MZB6HHB67PXJEKVDB34YH,107.814,2942772,2024-11-23 22:25:46 UTC,,,
0FR67QMN6FV77BYJ44M5KZGTVK,105.286,2942772,2024-11-23 22:30:26 UTC,,,
0FR67S0AA8T5MZCFMRNACWZBV0,106.971,2942772,2024-11-23 22:32:49 UTC,,,
0FR67VNS392M90B09YFC2T9WBE,104.443,2942772,2024-11-23 22:37:29 UTC,,,
0FR67X16X30J9PGV861MPVNVQK,108.657,2942772,2024-11-23 22:39:51 UTC,,,
0FR67ZQZ2R23NGVARMZHG9QT8B,104.443,2942772,2024-11-23 22:44:36 UTC,,,
0FR682P22X3WPZBM96PGHVDEW9,99.3874,2942772,2024-11-23 22:49:44 UTC,,,
0FR685M54NTYT5A6PP4VAE6M0Y,102.758,2942772,2024-11-23 22:54:52 UTC,,,
0FR688J86YNJ7QKQA8B8XGAMXZ,101.915,2942772,2024-11-23 23:00:01 UTC,,,
0FR68BGB6K44VJ4EB48Y3K7GJD,103.601,2942772,2024-11-23 23:05:09 UTC,,,
0FR68EEE7W966HC8ZM3BPFC7FZ,96.8595,2942772,2024-11-23 23:10:17 UTC,,,
0FR68FT3FXD6GFY7HNJ6K8CZXP,95.1742,2942772,2024-11-23 23:12:40 UTC,,,
0FR68JDYMMNX0FW4B42NNY5DG3,93.4888,2942772,2024-11-23 23:17:15 UTC,,,
0FR68N37ZE96ZPHPY2MJ9A353M,90.9609,2942772,2024-11-23 23:21:55 UTC,,,
0FR68R1BFHMDRWMG3PRP35BZQZ,89.2756,2942772,2024-11-23 23:27:03 UTC,,,
0FR68SD0DH0A4AWZH44FE3NEZ9,85.905,2942772,2024-11-23 23:29:26 UTC,,,
0FR68W0VNR9G09Q1SXKPK92MXD,82.5345,2942772,2024-11-23 23:34:01 UTC,,,
0FR68YSG3D57SM2HPRNDCB5WKE,84.2198,2942772,2024-11-23 23:38:51 UTC,,,
0FR690554CHP8GAPP0GV6D6HZD,85.905,2942772,2024-11-23 23:41:14 UTC,,,
0FR692TEEBNBBZ28EWNE8Q86X7,81.6918,2942772,2024-11-23 23:45:54 UTC,,,
0FR698CBNBW9WD5T4FM4CPGZFR,80.0066,2942772,2024-11-23 23:55:37 UTC,,,
0FR69CJ5C9J3A17VQ7T1PFDEBD,82.5345,2942772,2024-11-24 00:02:55 UTC,,,
0FR69F90B2E2Z6R36QQY1FYBTN,80.8492,2942772,2024-11-24 00:07:40 UTC,,,
0FR69JHF4RKWEB9FARBZDJ7AE7,80.0066,2942772,2024-11-24 00:13:22 UTC,,,
0FR69PV02YYPMZGRJ926XC1698,79.1639,2942772,2024-11-24 00:20:53 UTC,,,
0FR69T3BXTQG2Y9MAAND53ZYNH,76.6359,2942772,2024-11-24 00:26:35 UTC,,,
0FR69YBD8FQX4B3FK87HYX1EMG,77.4786,2942772,2024-11-24 00:34:00 UTC,,,
0FR6A1AWGTMGYE9JCRR5YC4Q9E,79.1639,2942772,2024-11-24 00:39:13 UTC,,,
0FR6A5P4SAR2G9YYG03KYJ32E9,74.108,2942772,2024-11-24 00:46:50 UTC,,,
0FR6A8M80ZDE97JKTXWKRVKR1G,79.1639,2942772,2024-11-24 00:51:58 UTC,,,
0FR6ACVZ1WW8SA05DA15EKVHFM,75.7933,2942772,2024-11-24 00:59:23 UTC,,,
0FR6AFT3N1JKRJKEWBMPJ4YVQ0,77.4786,2942772,2024-11-24 01:04:31 UTC,,,
0FR6AJRCHN4F1KPFWFBGX6VA1Y,76.6359,2942772,2024-11-24 01:09:40 UTC,,,
0FR6AQ3FMRDAH5VJNBQ62G6BRX,75.7933,2942772,2024-11-24 01:17:16 UTC,,,
0FR6AT1JT040ETJYZ38P9M3T0N,75.7933,2942772,2024-11-24 01:22:24 UTC,,,
0FR6AVD8179QPGA8CCFNV5M6HR,74.108,2942772,2024-11-24 01:24:47 UTC,,,
0FR6AY2HP1RZ2GDGJ6AKWG4X5X,74.108,2942772,2024-11-24 01:29:27 UTC,,,
0FR6AZRJWKDEDTJZNCYA1T22BA,74.108,2942772,2024-11-24 01:32:24 UTC,,,
0FR6B2MZJH0Z8DY12GPA2C748F,72.4227,2942772,2024-11-24 01:37:27 UTC,,,
0FR6B5AEAGR5TA1BQEDJGVP9VJ,73.2654,2942772,2024-11-24 01:42:07 UTC,,,
0FR6BAKHT8QK7N63NV1GH1792W,73.2654,2942772,2024-11-24 01:51:21 UTC,,,
0FR6BDHMSQWD2C6FWAMYWXKSBZ,74.108,2942772,2024-11-24 01:56:29 UTC,,,
0FR6BFHT262QSDYQSWMCCZB7C5,74.108,2942772,2024-11-24 01:59:59 UTC,,,
0FR6BJ7VFX7NZG65KKJ2X72T2N,72.4227,2942772,2024-11-24 02:04:41 UTC,,,
0FR6BMX992PA4VAHPMJ3QNN53H,74.108,2942772,2024-11-24 02:09:21 UTC,,,
0FR6BRY46Y8GZK90EF1SG28K0B,74.108,2942772,2024-11-24 02:16:24 UTC,,,
0FR6BVW74ME1Z324A2BVP264ZY,72.4227,2942772,2024-11-24 02:21:32 UTC,,,
0FR6C047E15XTFKFJB8RY60N74,72.4227,2942772,2024-11-24 02:28:58 UTC,,,
0FR6C32AN4FS1XC45VXYWE67HQ,74.9507,2942772,2024-11-24 02:34:06 UTC,,,
0FR6C4DTS9X3FTPA75VEFP8C29,74.9507,2942772,2024-11-24 02:36:28 UTC,,,
0FR6C7BGDE4B4ZX244QD19R5WC,73.2654,2942772,2024-11-24 02:41:35 UTC,,,
0FR6CBN1577XJP94FAV23C3W7Q,74.9507,2942772,2024-11-24 02:49:06 UTC,,,
0FR6CEMT7NWTG7CGFN0VZCDQST,74.108,2942772,2024-11-24 02:54:20 UTC,,,
0FR6CG0F9FT49CFSBA8A8K741W,74.9507,2942772,2024-11-24 02:56:43 UTC,,,
0FR6CJNR0C5ESJ5TVK6CGW1CXY,76.6359,2942772,2024-11-24 03:01:22 UTC,,,
0FR6CNKV052VK1EN3X4QX5V18N,74.9507,2942772,2024-11-24 03:06:31 UTC,,,
0FR6CST9SYDZTD6BN3AYN4WQKQ,74.108,2942772,2024-11-24 03:13:51 UTC,,,
0FR6CV5T1V07Y4N93V7RQY3AZK,73.2654,2942772,2024-11-24 03:16:14 UTC,,,
0FR6CZ6T5Y09RD37YJ0S69EKBR,75.7933,2942772,2024-11-24 03:23:17 UTC,,,
0FR6D0JA9EHBXQ82M9AFW60DHN,72.4227,2942772,2024-11-24 03:25:39 UTC,,,
0FR6D4MVFZX6289260BYWT1AHE,69.8948,2942772,2024-11-24 03:32:47 UTC,,,
0FR6D7K3ZHC57F66DZD08GRJWE,73.2654,2942772,2024-11-24 03:37:56 UTC,,,
0FR6DA8D5BPCAKK6JMDBMGX4ZY,70.7374,2942772,2024-11-24 03:42:35 UTC,,,
0FR6DEGDCN0QWR49HMM80TVJ8N,70.7374,2942772,2024-11-24 03:50:01 UTC,,,
0FR6DFVXPBGKF4SCQY6HP16HCW,68.2094,2942772,2024-11-24 03:52:23 UTC,,,
0FR6DM770XQVDK8RX4C4N2SJSK,72.4227,2942772,2024-11-24 04:00:00 UTC,,,
0FR6DPYF5J4H71PG3N88NB81MQ,70.7374,2942772,2024-11-24 04:04:46 UTC,,,
0FR6DSKRJJ6YWJHR8J6C1B04RZ,73.2654,2942772,2024-11-24 04:09:25 UTC,,,
0FR6DWMRPHXP45RHZBMTZWEACP,70.7374,2942772,2024-11-24 04:14:43 UTC,,,
0FR6DZBNXZBCA25F6P13TN85T6,70.7374,2942772,2024-11-24 04:19:28 UTC,,,
0FR6E3R987T36RW5EQZDPMAZXD,70.7374,2942772,2024-11-24 04:27:09 UTC,,,
0FR6E6N0MAY1JRV8TTEN85NVHP,70.7374,2942772,2024-11-24 04:32:13 UTC,,,
0FR6E9H8PQ969Q1RKZETFCHBFD,71.5801,2942772,2024-11-24 04:37:15 UTC,,,
0FR6ECJKTE0DB3H1VFAZE6JP2P,72.4227,2942772,2024-11-24 04:42:34 UTC,,,
0FR6EFGPXHC43P90A0EHN1HVE5,69.8948,2942772,2024-11-24 04:47:42 UTC,,,
0FR6EKRPWJM4H6ATBGP6R6Y2B7,74.108,2942772,2024-11-24 04:55:08 UTC,,,
0FR6EPPT6D7EHA1Z6HZ17MTMAC,70.7374,2942772,2024-11-24 05:00:16 UTC,,,
0FR6ESPJY6NAPND0EDJTJCAEZK,70.7374,2942772,2024-11-24 05:05:30 UTC,,,
0FR6EV23783YP441CBMH54M5B8,72.4227,2942772,2024-11-24 05:07:53 UTC,,,
0FR6EY06K99XXY5R8TXZNFZ5Q7,73.2654,2942772,2024-11-24 05:13:01 UTC,,,
0FR6EZBPRFXM973ERKHTPMEJ5A,70.7374,2942772,2024-11-24 05:15:24 UTC,,,
0FR6F29TFTWVKQY42QTTAPRCJ4,69.0521,2942772,2024-11-24 05:20:32 UTC,,,
0FR6F3Q0H9BNJJ09SRFSE738ZS,69.0521,2942772,2024-11-24 05:23:00 UTC,,,
0FR6F6CJXMGFWER7MHXNJMJ562,73.2654,2942772,2024-11-24 05:27:40 UTC,,,
0FR6F91W6V4ATB9E5G3HTZJR02,70.7374,2942772,2024-11-24 05:32:20 UTC,,,
0FR6FBZZ771AYS8DAF9KSXKTWW,69.8948,2942772,2024-11-24 05:37:28 UTC,,,
0FR6FEZQWJ50NX84ZNFQFT7A9W,69.8948,2942772,2024-11-24 05:42:42 UTC,,,
0FR6FGBCYA2247XYQP8ZY7DWB2,67.3669,2942772,2024-11-24 05:45:05 UTC,,,
0FR6FK2GWB0VNEBH9VHHMT4MQP,69.0521,2942772,2024-11-24 05:49:51 UTC,,,
0FR6FQ3C6HFWR4P86SDZTN6WN9,69.8948,2942772,2024-11-24 05:56:53 UTC,,,
0FR6FREW6CC5VHVVWP7GXDCW1H,69.8948,2942772,2024-11-24 05:59:15 UTC,,,
0FR6FWRHW0N68Q15RSA42856HW,69.8948,2942772,2024-11-24 06:06:46 UTC,,,
0FR6FZR19E4SS2W2NBGQHR2BS5,63.9962,2942772,2024-11-24 06:11:59 UTC,,,
0FR6G2P4D1YTHVJ7WEHBDKHB1T,69.0521,2942772,2024-11-24 06:17:08 UTC,,,
0FR6G78BP4N2SSEEC0880VMC50,69.8948,2942772,2024-11-24 06:25:07 UTC,,,
0FR6G9XRM1SR6HB3HZQAPNRX8G,68.2094,2942772,2024-11-24 06:29:47 UTC,,,
0FR6GCKBR3QEJYB427NQD7XWG3,67.3669,2942772,2024-11-24 06:34:27 UTC,,,
0FR6GHZHRQ8FHFAHKE3XDBB8JZ,69.0521,2942772,2024-11-24 06:43:51 UTC,,,
0FR6GP7J3GZGY97XXVYGN1G6TE,67.3669,2942772,2024-11-24 06:51:17 UTC,,,
0FR6GS5NMRK50XR6QVVBRZM15X,68.2094,2942772,2024-11-24 06:56:25 UTC,,,
0FR6GTHANDGENCHP1XKHB1106P,68.2094,2942772,2024-11-24 06:58:49 UTC,,,
0FR6GX89FJ78MAH0MEEQFH4G6Z,63.9962,2942772,2024-11-24 07:03:33 UTC,,,
0FR6H09R7FFN8VT0EPYNY0Y33Z,66.5242,2942772,2024-11-24 07:08:53 UTC,,,
0FR6H32BKJN2NVHEVS6YXH3P7P,63.9962,2942772,2024-11-24 07:13:43 UTC,,,
0FR6H5QN61TSCW7TW982EQCEY9,68.2094,2942772,2024-11-24 07:18:23 UTC,,,
0FR6H8NR5FHDYVAR7TE9RPCB5Z,69.0521,2942772,2024-11-24 07:23:31 UTC,,,
0FR6HBKV70DT0VE9Q2T45DBMCC,68.2094,2942772,2024-11-24 07:28:39 UTC,,,
0FR6HEKKHWZHFMVPTK4EDYNZK8,67.3669,2942772,2024-11-24 07:33:53 UTC,,,
0FR6HHHPNN97WTSTJ1N63G3YXW,63.9962,2942772,2024-11-24 07:39:01 UTC,,,
0FR6HJXBT6703543YGR7JNW99A,63.1536,2942772,2024-11-24 07:41:25 UTC,,,
0FR6HNH9C7MTR1T14A17XGZBQ8,59.783,2942772,2024-11-24 07:46:00 UTC,,,
0FR6HR88SPPK33KKWCQS2GS80Y,61.4683,2942772,2024-11-24 07:50:45 UTC,,,
0FR6HWC8RXV1BES5GX9HJ7MFBA,60.6257,2942772,2024-11-24 07:57:57 UTC,,,
0FR6HZ1HTPFYDV9341A8A5CS20,55.5698,2942772,2024-11-24 08:02:37 UTC,,,
0FR6J1ZSRA0E8PJT7G3BG36QW2,53.0418,2942772,2024-11-24 08:07:45 UTC,,,
0FR6J4N2T1AAMTP7CDAGFVV5K5,47.9859,2942772,2024-11-24 08:12:25 UTC,,,
0FR6J7K5T23TA8PTE2R9Z2307J,45.458,2942772,2024-11-24 08:17:33 UTC,,,
0FR6JAH8MAK5C46YHK6E8HHBY8,41.2448,2942772,2024-11-24 08:22:41 UTC,,,
0FR6JDFGGWPH1PJKJYVCNM6YPV,34.5036,2942772,2024-11-24 08:27:50 UTC,,,
0FR6JG4SF9NTP9R5MXZMZ5STH5,33.661,2942772,2024-11-24 08:32:30 UTC,,,
0FR6JK2X2Q9FYMYPQ8YQAEMC0H,26.9198,2942772,2024-11-24 08:37:38 UTC,,,
0FR6JMEDAV35W6EZHEBGF6FAE8,26.9198,2942772,2024-11-24 08:40:01 UTC,,,
0FR6JQCGWQZ68VQWA1PX439XPD,18.4933,2942772,2024-11-24 08:45:09 UTC,,,
0FR6JVMNMFMY6KRXVSGKC0532S,8.3816,2942772,2024-11-24 08:52:35 UTC,,,
0FR6JX03F39R5M55VQEKH76ETB,1.64039,2942772,2024-11-24 08:54:58 UTC,,,
0FR6JZND3GYW474RH79X86NXJS,-0.887527,2942772,2024-11-24 08:59:37 UTC,,,
0FR6K10V434FGA7NN1YRA0N147,-5.10077,2942772,2024-11-24 09:01:59 UTC,,,
0FR6K41WT4NFF2EXK46W84P0YZ,-16.8978,2942772,2024-11-24 09:07:17 UTC,,,
0FR6K6QFG8Q1MMC534DJHNM68B,-33.7507,2942772,2024-11-24 09:11:58 UTC,,,
0FR6K9CS0PTQN2FB063CVFMZDF,-47.2331,2942772,2024-11-24 09:16:37 UTC,,,
0FR6KCCR3K0ZAM8TA843CBT8NF,-77.5684,2942772,2024-11-24 09:21:52 UTC,,,
0FR6KF0KTT5CDVB4E9BYG12ZAT,-191.326,2942772,2024-11-24 09:26:27 UTC,,,
0FR6KZVCV06CJJ1BMXA9TBG38P,-151.721,2942772,2024-11-24 09:55:52 UTC,,,
0FR6MQMJ05TYF8S1ND3MA7PSAP,-147.508,2942772,2024-11-24 10:37:26 UTC,,,
0FR6NQVXN0RZ661M7VE45JJ9K4,-170.26,2942772,2024-11-24 11:33:46 UTC,,,
0FR6QB5R4CYRDAHV1DSMCCJJ0E,-89.3654,2942772,2024-11-24 13:03:26 UTC,,,
0FR6RNBFJ871TF32XQB20CT37M,55.5698,2942772,2024-11-24 14:17:09 UTC,,,
0FR6RQAJ125NC4ZTRH21RRKHVC,63.9962,2942772,2024-11-24 14:20:35 UTC,,,
0FR6RRTSHD4NMRMZBW6VX5JT9G,61.4683,2942772,2024-11-24 14:23:13 UTC,,,
0FR6RVTAEND85RFQC94FPQ4PFQ,63.9962,2942772,2024-11-24 14:28:26 UTC,,,
0FR6RYFRN42T946H06B7C7YSVY,66.5242,2942772,2024-11-24 14:33:06 UTC,,,
0FR6S151QEAYC5QE4FDKCG0FVB,63.9962,2942772,2024-11-24 14:37:46 UTC,,,
0FR6S4357V6JNV6M4B3V1EH6CD,67.3669,2942772,2024-11-24 14:42:54 UTC,,,
0FR6S6T7KXJC2S6SGPJQBRQZZ8,63.9962,2942772,2024-11-24 14:47:40 UTC,,,
0FR6S9RAWWW69SRDEYGVS7T3EP,69.8948,2942772,2024-11-24 14:52:48 UTC,,,
0FR6SCPJVFMM557Z9G08FTM0V0,69.8948,2942772,2024-11-24 14:57:57 UTC,,,
0FR6SFP7YYH31FS2Q75NF86KSZ,69.8948,2942772,2024-11-24 15:03:10 UTC,,,
0FR6SH1R5BWX4AVNSR9QS1A8D2,69.0521,2942772,2024-11-24 15:05:33 UTC,,,
0FR6SM6JW162DR2VM38T49NP96,69.0521,2942772,2024-11-24 15:11:03 UTC,,,
0FR6SQ4DZWMGTZH3PGY2BK49PW,70.7374,2942772,2024-11-24 15:16:11 UTC,,,
0FR6ST2H67XA1AY41VDDVQ4067,68.2094,2942772,2024-11-24 15:21:19 UTC,,,
0FR6SVE122JN0EYXWFETGXSH7A,72.4227,2942772,2024-11-24 15:23:42 UTC,,,
0FR6SY6Y63GCWGQ551MSNGC84Z,72.4227,2942772,2024-11-24 15:28:33 UTC,,,
0FR6T0ZC9709RVCWHWGKPNGR3J,73.2654,2942772,2024-11-24 15:33:23 UTC,,,
0FR6T3XSKA41D7HHBRTBTQSC5T,70.7374,2942772,2024-11-24 15:38:32 UTC,,,
0FR6T6K2P9RDPHBPW3YT10K6EY,75.7933,2942772,2024-11-24 15:43:12 UTC,,,
0FR6T98BXP7E86AWP69B39S0PG,75.7933,2942772,2024-11-24 15:47:51 UTC,,,
0FR6TC6FCK5T44KPKDTX6CVEVR,77.4786,2942772,2024-11-24 15:52:59 UTC,,,
0FR6TF4RC7E4KRNBSK13AF00ZV,77.4786,2942772,2024-11-24 15:58:08 UTC,,,
0FR6THT1PPSN3RGZZHZYDY7W51,79.1639,2942772,2024-11-24 16:02:48 UTC,,,
0FR6TMR4JW9R0H9A34RTC4K00R,76.6359,2942772,2024-11-24 16:07:56 UTC,,,
0FR6TQP7Q224MVNF4DG6BE7N2E,81.6918,2942772,2024-11-24 16:13:04 UTC,,,
0FR6TTMARG4GZYH223812PPYM0,81.6918,2942772,2024-11-24 16:18:13 UTC,,,
0FR6TXH1NB27JHDH5RSS8DTHG8,83.3771,2942772,2024-11-24 16:23:17 UTC,,,
0FR6V0DEGZ3FYXKXA8Z0EPY77P,84.2198,2942772,2024-11-24 16:28:19 UTC,,,
0FR6V34MK3AWPZ08GXRJWBV28R,85.905,2942772,2024-11-24 16:33:05 UTC,,,
0FR6V6113W5GWEHTH2M9NJ7M9Z,85.0624,2942772,2024-11-24 16:38:08 UTC,,,
0FR6V8R9R8D4XCDKHQY5N2B2F0,84.2198,2942772,2024-11-24 16:42:54 UTC,,,
0FR6VBEMKAQ3CN15SY6EHV2Z00,87.5904,2942772,2024-11-24 16:47:37 UTC,,,
0FR6VE5RB79B87WNB55ZDFJYF3,86.7477,2942772,2024-11-24 16:52:22 UTC,,,
0FR6VFH8A8KG0D6M4M4ZKGXR7P,86.7477,2942772,2024-11-24 16:54:45 UTC,,,
0FR6VKS98EJ6WYN1X7706GV61R,87.5904,2942772,2024-11-24 17:02:10 UTC,,,
0FR6VPQHPKT28QPT5ANXR11X40,87.5904,2942772,2024-11-24 17:07:19 UTC,,,
0FR6VTT340G2HQ3DVGH1Y6B0AM,87.5904,2942772,2024-11-24 17:14:27 UTC,,,
0FR6VW5R48ANZE5VF38H1DHVKT,84.2198,2942772,2024-11-24 17:16:50 UTC,,,
0FR6VYY77MBZ4DHCQ71HJC0539,86.7477,2942772,2024-11-24 17:21:40 UTC,,,
0FR6W367TXZB8S8QNH609YRG83,89.2756,2942772,2024-11-24 17:29:06 UTC,,,
0FR6W64BPWHZPSSBC4T8SE5E03,94.3315,2942772,2024-11-24 17:34:14 UTC,,,
0FR6W7G0ANCFR4GJGNMCG2JF1B,90.9609,2942772,2024-11-24 17:36:37 UTC,,,
0FR6WA3VPYTCZGQ26H5E61VBG6,92.6462,2942772,2024-11-24 17:41:12 UTC,,,
0FR6WCTT7S4MK6XQJFZQJ5KDG3,94.3315,2942772,2024-11-24 17:45:57 UTC,,,
0FR6WE6A8SY8PGZDBWPW2NDJGX,88.433,2942772,2024-11-24 17:48:19 UTC,,,
0FR6WH4DG4VP7E5BM7B9ZPHMQ5,92.6462,2942772,2024-11-24 17:53:28 UTC,,,
0FR6WJFXQ0GD54AX3QSNRD1KF4,87.5904,2942772,2024-11-24 17:55:50 UTC,,,
0FR6WPNSNPEKCNMKWHQ5DKGYBQ,92.6462,2942772,2024-11-24 18:03:09 UTC,,,
0FR6WSM1XNT7X2FWAEAAEDWR2J,90.1183,2942772,2024-11-24 18:08:18 UTC,,,
0FR6WW9AZZ1J42ZAAJTJDR2SC3,96.0168,2942772,2024-11-24 18:12:57 UTC,,,
0FR6WZ7E07VD4F09S2W4R21QFH,99.3874,2942772,2024-11-24 18:18:06 UTC,,,
0FR6X25J4Q81KTSG3FNS5M7R8R,104.443,2942772,2024-11-24 18:23:14 UTC,,,
0FR6X53N6KT47Z16P34EESMG7J,106.129,2942772,2024-11-24 18:28:22 UTC,,,
0FR6X81X3GSYTABZ88Y0Y7FJDY,107.814,2942772,2024-11-24 18:33:31 UTC,,,
0FR6XC2FGVMJRJ8TFC61GFYFS9,105.286,2942772,2024-11-24 18:40:33 UTC,,,
0FR6XF0JRR8M845BA7Z3YVXDMT,105.286,2942772,2024-11-24 18:45:41 UTC,,,
0FR6XHYNH4SKV05862Z4JGKW42,110.342,2942772,2024-11-24 18:50:49 UTC,,,
0FR6XMWRPTHX4VA0KXMS4CE0YW,111.184,2942772,2024-11-24 18:55:58 UTC,,,
0FR6XQTVSABQEGBMWYEZVE2J1G,111.184,2942772,2024-11-24 19:01:06 UTC,,,
0FR6XS6C2GZ872ERX8QAJ4YR9Z,107.814,2942772,2024-11-24 19:03:29 UTC,,,
0FR6XXAJXP5GTPFH23T35VTW3V,106.129,2942772,2024-11-24 19:10:42 UTC,,,
0FR6Y08P1217NH9DXWK6MBTDJX,110.342,2942772,2024-11-24 19:15:50 UTC,,,
0FR6Y36S7F8STS5X0AJC61XXRB,108.657,2942772,2024-11-24 19:20:58 UTC,,,
0FR6Y64W5EGDDVS6QN5YFFDMKC,108.657,2942772,2024-11-24 19:26:07 UTC,,,
0FR6Y934DNK1DV5G5BVP375BT4,106.971,2942772,2024-11-24 19:31:16 UTC,,,
0FR6YBRDH4JA1AW30HBTC118MC,112.87,2942772,2024-11-24 19:35:55 UTC,,,
0FR6YEPGBZN0WY9NZGSD6H8R1E,109.499,2942772,2024-11-24 19:41:03 UTC,,,
0FR6YHMR9B1T8VBNHPK2PF7R2A,110.342,2942772,2024-11-24 19:46:12 UTC,,,
0FR6YMBNS538R8B0FCGC36VFZE,111.184,2942772,2024-11-24 19:50:57 UTC,,,
0FR6YQBHCYMC7M3EYEH7ACKTWA,109.499,2942772,2024-11-24 19:56:11 UTC,,,
0FR6YT0WJ3J5SZ9569B3ZNG4GC,110.342,2942772,2024-11-24 20:00:51 UTC,,,
0FR6YVCC6C22VH42BBJ56HG6WJ,109.499,2942772,2024-11-24 20:03:13 UTC,,,
0FR6YZJ7BET2TZCZRTAETYKEGG,107.814,2942772,2024-11-24 20:10:32 UTC,,,
0FR6Z3T7JAT9P0WN7WT231TXGQ,109.499,2942772,2024-11-24 20:17:58 UTC,,,
0FR6Z6RAWWCHHVSRQ7QM3CQETM,115.398,2942772,2024-11-24 20:23:06 UTC,,,
0FR6Z9R3T9P1N2B0NJQ6M3S03P,113.712,2942772,2024-11-24 20:28:20 UTC,,,
0FR6ZCDP72829BH761M8HTT8TP,114.555,2942772,2024-11-24 20:33:00 UTC,,,
0FR6ZF2ZDVE477DX43FD688YK0,113.712,2942772,2024-11-24 20:37:40 UTC,,,
0FR6ZJ12VNV09QS11GAZZR7SXY,108.657,2942772,2024-11-24 20:42:48 UTC,,,
0FR6ZN0WDMPC3B1GB9HQSM07MM,107.814,2942772,2024-11-24 20:48:02 UTC,,,
0FR6ZPCBYQYVYG6CJNF1Y6D709,111.184,2942772,2024-11-24 20:50:24 UTC,,,
0FR6ZSC0TSB3FAYZP0EYW1J0SX,107.814,2942772,2024-11-24 20:55:38 UTC,,,
0FR6ZXGAAM7027N5DDXMK3DHA2,109.499,2942772,2024-11-24 21:02:51 UTC,,,
0FR6ZYVQVKBXMKPCJNQ3DVHHJF,109.499,2942772,2024-11-24 21:05:14 UTC,,,
0FR702ZZ7KPER4AKVGFH0ZCQ6Z,107.814,2942772,2024-11-24 21:12:27 UTC,,,
0FR705Y2A31GTD253J8NJ19D61,109.499,2942772,2024-11-24 21:17:35 UTC,,,
0FR708W5FWVNDN1C4TYV5DNCTG,108.657,2942772,2024-11-24 21:22:44 UTC,,,
0FR70BT8G8YAX9JMK6CY4NEWGF,113.712,2942772,2024-11-24 21:27:52 UTC,,,
0FR70ERGD6YHW1F1R7Q8WBHBGG,110.342,2942772,2024-11-24 21:33:01 UTC,,,
0FR70JSGR6FS5XJVDF9F9S8JG4,109.499,2942772,2024-11-24 21:40:04 UTC,,,
0FR70NGJNFPYEFV8H4D5PE2QD1,108.657,2942772,2024-11-24 21:44:49 UTC,,,
0FR70R613ESMJSDNC7KEB3YBBS,109.499,2942772,2024-11-24 21:49:29 UTC,,,
0FR70TVF800FV0HTFYV9FBV7M4,104.443,2942772,2024-11-24 21:54:09 UTC,,,
0FR70XGX9RX046CTXEZV541PGX,107.814,2942772,2024-11-24 21:58:49 UTC,,,
0FR710804FWRQ56XSKVX3YERBB,110.342,2942772,2024-11-24 22:03:34 UTC,,,
0FR712XEEZWM7D7TBA936XXCPY,104.443,2942772,2024-11-24 22:08:14 UTC,,,
0FR715JW9DP7SDGEA1DRCHZ8P2,106.971,2942772,2024-11-24 22:12:54 UTC,,,
0FR7188ARZ141Q8RYWNF5CYGHR,108.657,2942772,2024-11-24 22:17:34 UTC,,,
0FR71AXRXV9WEJ2J6Z1JNMQVPM,107.814,2942772,2024-11-24 22:22:14 UTC,,,
0FR71DK6YCT8V1D7MAGAZ0Y8XN,104.443,2942772,2024-11-24 22:26:54 UTC,,,
0FR71G8N9J8GJXE7ZR7MBP69D2,103.601,2942772,2024-11-24 22:31:34 UTC,,,
0FR71JY3SPZ30W3CPS721QZ8F1,102.758,2942772,2024-11-24 22:36:14 UTC,,,
0FR71NKHJXMMQ41C7624HR9Q1P,101.073,2942772,2024-11-24 22:40:54 UTC,,,
0FR71RANWJ5WPH7RMP8EGSBF0A,97.7021,2942772,2024-11-24 22:45:40 UTC,,,
0FR71XBWPXA1DHRK51N0G63FG2,99.3874,2942772,2024-11-24 22:54:28 UTC,,,
0FR721Y8EWH8Y8F6HSKNW8YZAK,100.23,2942772,2024-11-24 23:02:27 UTC,,,
0FR7239RFG9XSFS6JGG7NPTRRN,99.3874,2942772,2024-11-24 23:04:50 UTC,,,
0FR725ZA51V4V2NEYCPMY77979,93.4888,2942772,2024-11-24 23:09:30 UTC,,,
0FR72A0BDPW2MCGV40ZSSJM074,94.3315,2942772,2024-11-24 23:16:33 UTC,,,
0FR72CQ9W6WCYX6ZX6B6344FKP,93.4888,2942772,2024-11-24 23:21:18 UTC,,,
0FR72E2YW0VWBNAC1PNN9GZACX,90.9609,2942772,2024-11-24 23:23:41 UTC,,,
0FR72GRC0D9F8NKQB84XFDMWBM,93.4888,2942772,2024-11-24 23:28:21 UTC,,,
0FR72KDNJ1SGZMP663M0P2S02G,90.1183,2942772,2024-11-24 23:33:01 UTC,,,
0FR72MSAQ56S9PX4T8QQP7WVM8,90.1183,2942772,2024-11-24 23:35:24 UTC,,,
0FR72QEMVEHQ33CXXDTNY63A6A,90.1183,2942772,2024-11-24 23:40:03 UTC,,,
0FR72RT9QBJE5SCJ8EWZ0STEJK,88.433,2942772,2024-11-24 23:42:26 UTC,,,
0FR72VFRFN5ZS9E2S8J7WQDP3F,86.7477,2942772,2024-11-24 23:47:06 UTC,,,
0FR72Y56EYRER34CN0GRPRGRH0,85.905,2942772,2024-11-24 23:51:46 UTC,,,
0FR733ECYN8MD7V8H720XXABAJ,86.7477,2942772,2024-11-25 00:01:01 UTC,,,
0FR734STPZM1RY7F1MVGPX7MXD,85.905,2942772,2024-11-25 00:03:23 UTC,,,
0FR737H27E6SHRRASJMKRHQVME,82.5345,2942772,2024-11-25 00:08:09 UTC,,,
0FR73A6BKRWFBZNYXP0PF2STA4,82.5345,2942772,2024-11-25 00:12:48 UTC,,,
0FR73EEC2TFBAWC1RM10J0QRST,82.5345,2942772,2024-11-25 00:20:14 UTC,,,
0FR73HCM3GK3W7E726XKDAYCBG,79.1639,2942772,2024-11-25 00:25:23 UTC,,,
0FR73JR4A1PS8Y5QGP00SREKKT,83.3771,2942772,2024-11-25 00:27:45 UTC,,,
0FR73NF5RE7F259THMX0GC1DVE,83.3771,2942772,2024-11-25 00:32:31 UTC,,,
0FR73PTKEZTJGD17KZ54MVYTTC,81.6918,2942772,2024-11-25 00:34:53 UTC,,,
0FR73SHV6YB6EAZ606FT8S3MDQ,83.3771,2942772,2024-11-25 00:39:39 UTC,,,
0FR73XH20P4B1FJTGC4EZ548V9,80.8492,2942772,2024-11-25 00:46:36 UTC,,,
0FR740F56C9KARG2YE3KCMFWM9,77.4786,2942772,2024-11-25 00:51:44 UTC,,,
0FR744Q9MHF86WRX4FATW1HWWW,80.8492,2942772,2024-11-25 00:59:10 UTC,,,
0FR747CKCNQWHX2A7XVA56Q8DD,81.6918,2942772,2024-11-25 01:03:50 UTC,,,
0FR748R3G95DNPX13DD131G5Z0,80.0066,2942772,2024-11-25 01:06:12 UTC,,,
0FR74BP7689934VCWJZWXF94SG,79.1639,2942772,2024-11-25 01:11:21 UTC,,,
0FR74D1W71H0VJGB2CE729GKJ9,80.8492,2942772,2024-11-25 01:13:44 UTC,,,
0FR74FNQSG6JKJ6H6HVPD2BK4Y,83.3771,2942772,2024-11-25 01:18:18 UTC,,,
0FR74KMY3A7V2WHC1DQFM886QV,80.8492,2942772,2024-11-25 01:25:15 UTC,,,
0FR74PK1E24Q2DRFC5TEA5GJK9,81.6918,2942772,2024-11-25 01:30:24 UTC,,,
0FR74QYHN9J2ZN3J3YVWR4R54Q,80.8492,2942772,2024-11-25 01:32:46 UTC,,,
0FR74W2S0AY01JSE0DMHX5STH2,80.8492,2942772,2024-11-25 01:39:59 UTC,,,
0FR74XE9BVHVMXK7JDN8047ZEM,82.5345,2942772,2024-11-25 01:42:22 UTC,,,
0FR751PA6AXZW7KJ1QC0X2FKA4,81.6918,2942772,2024-11-25 01:49:48 UTC,,,
0FR7531T2J891Y6975KXKCG860,80.0066,2942772,2024-11-25 01:52:10 UTC,,,
0FR757613T99NJG463FA0D2QNY,78.3212,2942772,2024-11-25 01:59:24 UTC,,,
0FR75AEDSPKZ7DHXBQJA85X4W0,80.0066,2942772,2024-11-25 02:05:06 UTC,,,
0FR75DCC955V2NAY3J1V4247DP,80.8492,2942772,2024-11-25 02:10:13 UTC,,,
0FR75G1NKXYF6GR9RDGEPANG0W,76.6359,2942772,2024-11-25 02:14:53 UTC,,,
0FR75M9P9DXE9BYYS894QR6WF9,83.3771,2942772,2024-11-25 02:22:19 UTC,,,
0FR75Q7S8C8T1X07ZFHCJ6S4Q5,80.0066,2942772,2024-11-25 02:27:27 UTC,,,
0FR75VFS4Z4Y31Z4QCTCKV3BAX,76.6359,2942772,2024-11-25 02:34:53 UTC,,,
0FR75ZSEPCCPZKYKMK6WE46V40,80.8492,2942772,2024-11-25 02:42:24 UTC,,,
0FR762QJ20MQ48PEBQPN2TENT6,79.1639,2942772,2024-11-25 02:47:32 UTC,,,
0FR765NN8S1QYWJY1R306M28D6,79.1639,2942772,2024-11-25 02:52:40 UTC,,,
0FR768XZW1EVP3DW7JG9JK0S8V,79.1639,2942772,2024-11-25 02:58:22 UTC,,,
0FR76A7ZDGFV8AH500S4W0WWVH,80.0066,2942772,2024-11-25 03:00:40 UTC,,,
0FR76D4E5KG4JKJ12JV930E7PT,79.1639,2942772,2024-11-25 03:05:43 UTC,,,
0FR76FYY20AYCN6YCTAVN6MSVR,80.0066,2942772,2024-11-25 03:10:39 UTC,,,
0FR76JJHQZB105T70WQ2KD4DZ7,80.8492,2942772,2024-11-25 03:15:13 UTC,,,
0FR76NQZPR4RG5D9P06NS71GW3,80.8492,2942772,2024-11-25 03:20:46 UTC,,,
0FR76RNXQ4Z81WG36VPENZ30HZ,79.1639,2942772,2024-11-25 03:25:54 UTC,,,
0FR76T1DX0W57J59H5Y3E54X9Q,80.8492,2942772,2024-11-25 03:28:16 UTC,,,
0FR76Y2ACCKXGDVEC1Y21JJKNP,80.0066,2942772,2024-11-25 03:35:19 UTC,,,
0FR770SBS4CPRTPWASBCZ50MC3,79.1639,2942772,2024-11-25 03:40:04 UTC,,,
0FR773GK2GPF0A3D6NQD5CFP2P,79.1639,2942772,2024-11-25 03:44:50 UTC,,,
0FR776D1EXE5XZXAQ4XSECN3MT,78.3212,2942772,2024-11-25 03:49:53 UTC,,,
0FR777RHV3KVP8V0MEVPSS8NG2,74.9507,2942772,2024-11-25 03:52:15 UTC,,,
0FR77AHAP45FQ75X422D72H31E,76.6359,2942772,2024-11-25 03:57:06 UTC,,,
0FR77EGFBW19Y9AESPAJ3EV5NC,75.7933,2942772,2024-11-25 04:04:03 UTC,,,
0FR77H7H4WQSY6222B1WSEZ867,78.3212,2942772,2024-11-25 04:08:48 UTC,,,
0FR77KYM02A2WTWHZJ5M4WXQEY,75.7933,2942772,2024-11-25 04:13:33 UTC,,,
0FR77PNNA3EC31ZXW01BKD7MZW,76.6359,2942772,2024-11-25 04:18:18 UTC,,,
0FR77SCQ7KBGMG388GDFT82YP8,77.4786,2942772,2024-11-25 04:23:04 UTC,,,
0FR77W3SF7CMZJ01RWP18FS7Y5,72.4227,2942772,2024-11-25 04:27:49 UTC,,,
0FR77YTVAF8ZSZQ4C2NW7QTPA3,74.9507,2942772,2024-11-25 04:32:34 UTC,,,
0FR781HXA9ZMV6VZX3VSR3VH4B,72.4227,2942772,2024-11-25 04:37:20 UTC,,,
0FR7848ZFGJ5C2224WKRFQ4HKV,73.2654,2942772,2024-11-25 04:42:05 UTC,,,
0FR7873AX7MWE3RFEF4XVXK69C,70.7374,2942772,2024-11-25 04:47:01 UTC,,,
0FR788EV5K8R7JRX6CQ3ZSW7VV,69.8948,2942772,2024-11-25 04:49:24 UTC,,,
0FR78B47HVGJCFXV27F3E28BX6,70.7374,2942772,2024-11-25 04:54:03 UTC,,,
0FR78FBMQJXKERHFTPGZPT1WG1,72.4227,2942772,2024-11-25 05:01:27 UTC,,,
0FR78GQ4WQZRMV3Q9QE91K4CFC,74.108,2942772,2024-11-25 05:03:50 UTC,,,
0FR78N2BGSC6NSK21FW704S8EF,74.108,2942772,2024-11-25 05:11:26 UTC,,,
0FR78QV4079NVSCK8R2B59TBWG,72.4227,2942772,2024-11-25 05:16:17 UTC,,,
0FR78S6M2Q2A4FW6KEMDJSWZ9B,72.4227,2942772,2024-11-25 05:18:39 UTC,,,
0FR78XHWVVSBZZ5ZQFFYK22GDQ,75.7933,2942772,2024-11-25 05:26:16 UTC,,,
0FR78YXDQDJFZB0XPR6D9C0T9D,69.0521,2942772,2024-11-25 05:28:38 UTC,,,
0FR791JYHDAW82GQA6QVT14F7Z,73.2654,2942772,2024-11-25 05:33:18 UTC,,,
0FR794A7KEKK7W6C9T0D9R4V10,72.4227,2942772,2024-11-25 05:38:04 UTC,,,
0FR795Y9H0E3E0NZCA50W2QYQN,74.108,2942772,2024-11-25 05:40:55 UTC,,,
0FR798N8BZ4F71CG8V6WQKYFSZ,73.2654,2942772,2024-11-25 05:45:40 UTC,,,
0FR79BHT648W4YYBVBFSC8RM6V,75.7933,2942772,2024-11-25 05:50:43 UTC,,,
0FR79GWFPZQV2SA00H79KZ0HY8,73.2654,2942772,2024-11-25 06:00:03 UTC,,,
0FR79KKHJPMEY8QGF61YWXQBJ1,70.7374,2942772,2024-11-25 06:04:48 UTC,,,
0FR79PAKQSFES4KSRE7V6K572E,72.4227,2942772,2024-11-25 06:09:33 UTC,,,
0FR79S1NHDYT3091HFFM0Q66NA,73.2654,2942772,2024-11-25 06:14:18 UTC,,,
0FR79VRQEZA38JTACQG5Y6D176,72.4227,2942772,2024-11-25 06:19:04 UTC,,,
0FR79YFSPCB9D4REJ7DB9RQJ10,73.2654,2942772,2024-11-25 06:23:49 UTC,,,
0FR7A1SVNN7HSSP9JKTS2EHXQX,72.4227,2942772,2024-11-25 06:29:37 UTC,,,
0FR7A35BYPA8K76851SSFCP5HZ,73.2654,2942772,2024-11-25 06:31:59 UTC,,,
0FR7A7EXN0MWJ1D7KS35WZM82G,69.8948,2942772,2024-11-25 06:39:30 UTC,,,
0FR7AAD0Q4KFXAEVBJME65J6MN,70.7374,2942772,2024-11-25 06:44:38 UTC,,,
0FR7ABQ05MM6X0KEEH3PC7WB04,73.2654,2942772,2024-11-25 06:46:56 UTC,,,
0FR7AEKEHZ98PDZKX1C6J29290,74.108,2942772,2024-11-25 06:51:59 UTC,,,
0FR7AJQPPF1YZT4RJFW0P4DG5W,75.7933,2942772,2024-11-25 06:59:12 UTC,,,
0FR7ANQCBPAY5ETD1MKQHD7K16,75.7933,2942772,2024-11-25 07:04:26 UTC,,,
0FR7AQ1BT9YF50YJHY4872ZFMK,74.108,2942772,2024-11-25 07:06:43 UTC,,,
0FR7ASPXBSQKX8VTJ2QER3X393,73.2654,2942772,2024-11-25 07:11:23 UTC,,,
0FR7AWN0ZB6ZPF47GFP21AE9C5,76.6359,2942772,2024-11-25 07:16:32 UTC,,,
0FR7AZC4QQC6Z8YKW5MZX5ZPTC,77.4786,2942772,2024-11-25 07:21:17 UTC,,,
0FR7B28PF9GJ9VVPJAR9NACZ9G,75.7933,2942772,2024-11-25 07:26:21 UTC,,,
0FR7B6T0A625TSKYF9X4WWN68Z,74.9507,2942772,2024-11-25 07:34:17 UTC,,,
0FR7B9G6NJRD76PGXHMK2JYSVB,74.108,2942772,2024-11-25 07:38:59 UTC,,,
0FR7BAXCR6VG2F0BF9XR7Q09MB,74.9507,2942772,2024-11-25 07:41:27 UTC,,,
0FR7BDQTJJTK6K7R7V6WZZNCQV,74.108,2942772,2024-11-25 07:46:24 UTC,,,
0FR7BGBECC4GZEKSJ7EWT7Q70D,72.4227,2942772,2024-11-25 07:50:58 UTC,,,
0FR7BK5XSPY9PSCMYQAK9MN8ZM,74.9507,2942772,2024-11-25 07:55:54 UTC,,,
0FR7BNWZHSCJ55A25YWYGM6JRJ,72.4227,2942772,2024-11-25 08:00:39 UTC,,,
0FR7BT4Y0YVWHQ2CMX5BC3N3X9,75.7933,2942772,2024-11-25 08:08:05 UTC,,,
0FR7BYHPNPMZAENRNR7AG987XA,74.9507,2942772,2024-11-25 08:15:46 UTC,,,
0FR7BZX7937SRV701MZK7GRH72,73.2654,2942772,2024-11-25 08:18:09 UTC,,,
0FR7C2JRNJFS1GXDE47NC3BME9,69.0521,2942772,2024-11-25 08:22:49 UTC,,,
0FR7C5BHGZCKP6H17D660B853B,73.2654,2942772,2024-11-25 08:27:40 UTC,,,
0FR7C82GKKH8Q94EGQ5EVBKC46,69.8948,2942772,2024-11-25 08:32:25 UTC,,,
0FR7CAYYXEDYZXACV8Q7TABN47,72.4227,2942772,2024-11-25 08:37:28 UTC,,,
0FR7CCAFA551QTKR9WMHGC6488,73.2654,2942772,2024-11-25 08:39:50 UTC,,,
0FR7CF385HDD0QVFE5CEXA2G53,74.9507,2942772,2024-11-25 08:44:41 UTC,,,
0FR7CHQ0XCPCEN0A8GP9CSXAP9,74.108,2942772,2024-11-25 08:49:16 UTC,,,
0FR7CME4STKGGM91M1J6YJCZH7,74.108,2942772,2024-11-25 08:54:01 UTC,,,
0FR7CQ1WXCYX066JY0KPSB4Q96,69.0521,2942772,2024-11-25 08:58:36 UTC,,,
0FR7CT00EJ2GAYZ3YYH0SC9FV0,72.4227,2942772,2024-11-25 09:03:44 UTC,,,
0FR7CWQ3XMXMWPCS8BXDGCMAX3,75.7933,2942772,2024-11-25 09:08:30 UTC,,,
0FR7CZE5KQ9SHT0BTZTJ9ENR8Y,74.108,2942772,2024-11-25 09:13:15 UTC,,,
0FR7D257NCPTEHK0ABEMHQWTEW,74.108,2942772,2024-11-25 09:18:00 UTC,,,
0FR7D4TNKQZ2V8MW5N2K8JP7SQ,74.108,2942772,2024-11-25 09:22:40 UTC,,,
0FR7D81F9BR5B0QMVQ63WDK8KV,74.9507,2942772,2024-11-25 09:28:17 UTC,,,
0FR7DAVQJW92MVS6Q03R4SNRM9,75.7933,2942772,2024-11-25 09:33:13 UTC,,,
0FR7DDJSR866SGW7C88TPXV1YT,74.9507,2942772,2024-11-25 09:37:58 UTC,,,
0FR7DG6J7WZ40HK606FA0RCERM,74.9507,2942772,2024-11-25 09:42:33 UTC,,,
0FR7DJXP7GZZSWH9F406N7FB09,75.7933,2942772,2024-11-25 09:47:18 UTC,,,
0FR7DNHEQES7B8WFY70M7R71KH,74.108,2942772,2024-11-25 09:51:53 UTC,,,
0FR7DR8JXFR3EAKESGMF76K5DS,75.7933,2942772,2024-11-25 09:56:38 UTC,,,
0FR7DV2V6XGSVWKAXA3ZY4HE8C,75.7933,2942772,2024-11-25 10:01:34 UTC,,,
0FR7DXSX98Q9ECDBDDGV8JYK7C,74.9507,2942772,2024-11-25 10:06:19 UTC,,,
0FR7E0DNN02DK3CQ8K0AEYJET3,76.6359,2942772,2024-11-25 10:10:54 UTC,,,
0FR7E34SB20CZ5TXY7VJD1Z7B6,75.7933,2942772,2024-11-25 10:15:39 UTC,,,
0FR7E90RQPY95C1ZXQR2HVTT0Q,74.108,2942772,2024-11-25 10:25:55 UTC,,,
0FR7EAARPS96VHBZY70DZ99KRX,72.4227,2942772,2024-11-25 10:28:13 UTC,,,
0FR7EEEYY8EMZNWQNCPTP33PVV,69.0521,2942772,2024-11-25 10:35:26 UTC,,,
0FR7EFTF224SS74B7BGZ1NR7RJ,69.0521,2942772,2024-11-25 10:37:48 UTC,,,
0FR7EM417JR6TMRHGD4XKWPBQZ,65.6815,2942772,2024-11-25 10:45:19 UTC,,,
0FR7ENE121ECWN620V4C94MDN1,68.2094,2942772,2024-11-25 10:47:37 UTC,,,
0FR7ESEY49VRGA905RAHG6KTHH,63.1536,2942772,2024-11-25 10:54:39 UTC,,,
0FR7EW601Z12TV1520CGM6D1DA,69.0521,2942772,2024-11-25 10:59:24 UTC,,,
0FR7EYX29CEX2GF99NZDQ49C9S,62.311,2942772,2024-11-25 11:04:10 UTC,,,
0FR7F1S2MRAGAR91B2G6WM3TNK,63.9962,2942772,2024-11-25 11:09:11 UTC,,,
0FR7F34K2NW7W8Y3GWDYTHGPM0,62.311,2942772,2024-11-25 11:11:34 UTC,,,
0FR7F5X827B25FQN5RZSDV506F,63.1536,2942772,2024-11-25 11:16:24 UTC,,,
0FR7F78RC11M3E9A6Q371FMBEJ,63.9962,2942772,2024-11-25 11:18:47 UTC,,,
0FR7FBJF0FE7RBP2J8PF65G98P,59.783,2942772,2024-11-25 11:26:18 UTC,,,
0FR7FEGK74N2N9BQ7PC77FWTCZ,63.9962,2942772,2024-11-25 11:31:27 UTC,,,
0FR7FH7HGP90XDGBW41B1CGG0G,63.1536,2942772,2024-11-25 11:36:11 UTC,,,
0FR7FKWY2WYHGWBT6GTG2HSPE3,65.6815,2942772,2024-11-25 11:40:51 UTC,,,
0FR7FPM07XH1SP554XAQ3PF97Q,62.311,2942772,2024-11-25 11:45:37 UTC,,,
0FR7FSEAT3KVKYFYR49RNS2204,63.1536,2942772,2024-11-25 11:50:33 UTC,,,
0FR7FW8P8YSY40E8Z3QFCTMAVE,60.6257,2942772,2024-11-25 11:55:29 UTC,,,
0FR7FZ9YFYMP8TSYPTBBMZ9KXS,61.4683,2942772,2024-11-25 12:00:47 UTC,,,
0FR7G0NF0BQV18G7E50P5PM20T,62.311,2942772,2024-11-25 12:03:10 UTC,,,
0FR7G3AYQ4BVJQBBFBF8502DN9,59.783,2942772,2024-11-25 12:07:50 UTC,,,
0FR7G4PF0QWVAHPPSV11MQT2QT,62.311,2942772,2024-11-25 12:10:13 UTC,,,
0FR7G7MKSV59P5W1VE0QZV3HCS,63.1536,2942772,2024-11-25 12:15:21 UTC,,,
0FR7GAJQVRAX9251T9DK2YAP4T,63.1536,2942772,2024-11-25 12:20:30 UTC,,,
0FR7GDF5VB0GBW9QREV7527M8Q,59.783,2942772,2024-11-25 12:25:33 UTC,,,
0FR7GETP232V421ABVEVNBTH9T,60.6257,2942772,2024-11-25 12:27:55 UTC,,,
0FR7GK794D6B2679KM64N4TJKQ,61.4683,2942772,2024-11-25 12:35:36 UTC,,,
0FR7GMJSF1TRZNEG13Z1KKBC4E,61.4683,2942772,2024-11-25 12:37:58 UTC,,,
0FR7GQ88E8ZMD37YRQHNB2RDWE,60.6257,2942772,2024-11-25 12:42:38 UTC,,,
0FR7GRKRP5BVQ5RHN3841C4Q76,61.4683,2942772,2024-11-25 12:45:01 UTC,,,
0FR7GWXAT08ZAR9M2W5ZH2NW18,58.9404,2942772,2024-11-25 12:52:32 UTC,,,
0FR7GZMHJN2JFQEP2RX2ZXC52G,62.311,2942772,2024-11-25 12:57:18 UTC,,,
0FR7H2GVTWPK8GRRP85CXCSB3A,59.783,2942772,2024-11-25 13:02:20 UTC,,,
0FR7H3WBWXP9G1MRAH6PZNVV9D,58.9404,2942772,2024-11-25 13:04:43 UTC,,,
0FR7H6G7T7Z7QTB2Z7PPY7MM74,57.2551,2942772,2024-11-25 13:09:17 UTC,,,
0FR7HAVEMMZN9ADHKZ0PJXS9JK,58.9404,2942772,2024-11-25 13:16:54 UTC,,,
0FR7HC5JX8BNSZF9NQX3T3SJXT,59.783,2942772,2024-11-25 13:19:12 UTC,,,
0FR7HF65BJ4H1XAS5XQWYD71C7,57.2551,2942772,2024-11-25 13:24:28 UTC,,,
0FR7HHWDBD40M57XX44N2790E8,59.783,2942772,2024-11-25 13:29:11 UTC,,,
0FR7HNXDA76Q1KWMAMJP86MHNX,60.6257,2942772,2024-11-25 13:36:13 UTC,,,
0FR7HRQKDBMFYFETG5VR8205D8,59.783,2942772,2024-11-25 13:41:09 UTC,,,
0FR7HVBGX7NE37RG84P5EBZRWT,57.2551,2942772,2024-11-25 13:45:44 UTC,,,
0FR7HY9GBWW6NSFCN0NQRCYK1W,59.783,2942772,2024-11-25 13:50:52 UTC,,,
0FR7J17W5M5PRFNV4N7V614E55,58.9404,2942772,2024-11-25 13:56:01 UTC,,,
0FR7J2VVG300F1Q8ZHQRT8B8MK,58.9404,2942772,2024-11-25 13:58:52 UTC,,,
0FR7J5R9S9F5H2KPH1NN3JF77M,60.6257,2942772,2024-11-25 14:03:54 UTC,,,
0FR7J73T5Y4KK8Y3SB9G4Y2VP8,56.4124,2942772,2024-11-25 14:06:17 UTC,,,
0FR7JA3KG1GZ038NSMCDVB2626,57.2551,2942772,2024-11-25 14:11:31 UTC,,,
0FR7JCTPZMMCYQNS1BDB9BQXRH,58.9404,2942772,2024-11-25 14:16:16 UTC,,,
0FR7JFEFW40E8XGQGQQJZWK0JB,54.7272,2942772,2024-11-25 14:20:51 UTC,,,
0FR7JJ5K3EY1T4Y9P6DAA3K44G,59.783,2942772,2024-11-25 14:25:36 UTC,,,
0FR7JMSBX6C8GZNH4SCA9TF7VX,60.6257,2942772,2024-11-25 14:30:11 UTC,,,
0FR7JQSAX7XP6PQQWGVF1Q99CJ,57.2551,2942772,2024-11-25 14:35:25 UTC,,,
0FR7JS30NAJSNSBZX353KVNDFZ,58.9404,2942772,2024-11-25 14:37:42 UTC,,,
0FR7JVT1W0761XJCZWG997JVCA,58.9404,2942772,2024-11-25 14:42:27 UTC,,,
0FR7K050D1WTXWZ1CEJW43KTGX,58.9404,2942772,2024-11-25 14:50:02 UTC,,,
0FR7N2HSQMBDG4DZC1GK4GQ48K,59.783,2942772,2024-11-25 16:46:05 UTC,,,
0FR7N577N0NX94ADSCXVE417JH,66.5242,2942772,2024-11-25 16:50:45 UTC,,,
0FR7N7ZG5KM2HEVH8SER6NX4F6,65.6815,2942772,2024-11-25 16:55:34 UTC,,,
0FR7NB0X6KEHJMR61ZX2TYADTT,68.2094,2942772,2024-11-25 17:00:53 UTC,,,
0FR7NDQV9FHD2Z86X9NKMR1KEZ,66.5242,2942772,2024-11-25 17:05:38 UTC,,,
0FR7NF3BG0ARM3QGB80P6BMA6E,63.9962,2942772,2024-11-25 17:08:01 UTC,,,
0FR7NHRXZWF2CHVBYF7AASQD54,63.1536,2942772,2024-11-25 17:12:41 UTC,,,
0FR7NMH8Y686YJJYXRJ2JCZ24R,67.3669,2942772,2024-11-25 17:17:31 UTC,,,
0FR7NQ9R1W71YZP1AER4M10MM5,68.2094,2942772,2024-11-25 17:22:21 UTC,,,
0FR7NRN7V1GE5547SQNYATRXHH,67.3669,2942772,2024-11-25 17:24:43 UTC,,,
0FR7NVH4JR7R1CH925288PFRPX,70.7374,2942772,2024-11-25 17:29:44 UTC,,,
0FR7NVRHHSTDM7NHYNN45YQBZR,63.9962,2942772,2024-11-25 17:30:08 UTC,,,
0FR7NYG2GJRH3GF6YX669F5382,69.0521,2942772,2024-11-25 17:34:55 UTC,,,
0FR7P1E616AMS2G71JHHSKYSME,73.2654,2942772,2024-11-25 17:40:04 UTC,,,
0FR7P2VGQPMKJBR01NG9DCCKP1,74.108,2942772,2024-11-25 17:42:32 UTC,,,
0FR7P5J59Z41JFSFM3A4AHQZTV,74.108,2942772,2024-11-25 17:47:16 UTC,,,
0FR7P6XN2A36BEDPVDK1262TAV,74.108,2942772,2024-11-25 17:49:39 UTC,,,
0FR7P9MQMG2XT3CDADS9X18FMK,74.108,2942772,2024-11-25 17:54:24 UTC,,,
0FR7PCP0K21Z12V7G01CVHAXB5,73.2654,2942772,2024-11-25 17:59:43 UTC,,,
0FR7PE1DPGKJ4HJHC4Q7JD8X30,73.2654,2942772,2024-11-25 18:02:05 UTC,,,
0FR7PH2XZQACVZ91PD09DEY29H,69.0521,2942772,2024-11-25 18:07:24 UTC,,,
0FR7PM2K7M3ZZGKSS4DSSV1JJ9,75.7933,2942772,2024-11-25 18:12:38 UTC,,,
0FR7PQ2GXQEYKAVQHBYXX95T2V,79.1639,2942772,2024-11-25 18:17:52 UTC,,,
0FR7PT3YKM2P6XV8R8YAPMKWRT,84.2198,2942772,2024-11-25 18:23:12 UTC,,,
0FR7PVDRXYSBYK53H5Q2T0GS7A,85.905,2942772,2024-11-25 18:25:29 UTC,,,
0FR7PYD9QW9JW5BXJH2D264N6D,80.8492,2942772,2024-11-25 18:30:42 UTC,,,
0FR7Q01DVVYXVQ2QJ476QE5PSH,84.2198,2942772,2024-11-25 18:33:32 UTC,,,
0FR7Q2T0VKMQQYT64KT43EXFEW,82.5345,2942772,2024-11-25 18:38:23 UTC,,,
0FR7Q5FEGWAW7TZ27TDXSZKJ50,86.7477,2942772,2024-11-25 18:43:03 UTC,,,
0FR7Q86PJQD8Z6HKYG3ZPR7HBC,85.0624,2942772,2024-11-25 18:47:49 UTC,,,
0FR7QAXEQ6KDH8ZX7AG3Y07SK0,86.7477,2942772,2024-11-25 18:52:33 UTC,,,
0FR7QDX7RBV5PRZ7DBFABK3N65,87.5904,2942772,2024-11-25 18:57:47 UTC,,,
0FR7QF8R2XBZWWPWAMYYT1X452,90.1183,2942772,2024-11-25 19:00:09 UTC,,,
0FR7QJ1JV93H28GA56R0WBP2CF,89.2756,2942772,2024-11-25 19:05:00 UTC,,,
0FR7QMNC6R5X39341SVY9094EX,87.5904,2942772,2024-11-25 19:09:35 UTC,,,
0FR7QQANJ24Z66TV67P2Q0WKNV,81.6918,2942772,2024-11-25 19:14:14 UTC,,,
0FR7QT8XR9EPW3HWTBZKCM781M,83.3771,2942772,2024-11-25 19:19:23 UTC,,,
0FR7QWYC886623GB067XSW5DKG,83.3771,2942772,2024-11-25 19:24:03 UTC,,,
0FR7QZKN8Z0W24KJ4YTQRFJMXD,80.0066,2942772,2024-11-25 19:28:43 UTC,,,
0FR7R2KGVEN38K9A4X0M5D1934,83.3771,2942772,2024-11-25 19:33:57 UTC,,,
0FR7R3X8T8JZQWPVQDHB6SM25J,83.3771,2942772,2024-11-25 19:36:14 UTC,,,
0FR7R6MGZ6FB7827JKJXQJMCVH,79.1639,2942772,2024-11-25 19:41:00 UTC,,,
0FR7R99T5JF62QSB4NWSXSF3GV,82.5345,2942772,2024-11-25 19:45:39 UTC,,,
0FR7RDW5VKKZJZWJ51HF8CHBNX,83.3771,2942772,2024-11-25 19:53:39 UTC,,,
0FR7RF7KQP257PHY3J02658F05,78.3212,2942772,2024-11-25 19:56:01 UTC,,,
0FR7RKBVADQW8EHWBVJW38RJ79,83.3771,2942772,2024-11-25 20:03:14 UTC,,,
0FR7RPA3KSS3J2707TJD8K4RF4,80.8492,2942772,2024-11-25 20:08:23 UTC,,,
0FR7RRZCT7AEW69YDDVXSEJNRC,80.8492,2942772,2024-11-25 20:13:03 UTC,,,
0FR7RXCEXB0ZM2MTW7S3Y25ZBX,84.2198,2942772,2024-11-25 20:20:45 UTC,,,
0FR7S01X0E2F0HWCZG4SS93WMW,82.5345,2942772,2024-11-25 20:25:25 UTC,,,
0FR7S2QAZ2WRNN1ZB6ST6E6WAM,81.6918,2942772,2024-11-25 20:30:05 UTC,,,
0FR7S5CS6Q39NFG3SVP223N14J,80.8492,2942772,2024-11-25 20:34:45 UTC,,,
0FR7S827MSZRG9K1PJPEBDF84Y,80.0066,2942772,2024-11-25 20:39:25 UTC,,,
0FR7SAQNJ9SF4XSAZSC1FMZPW8,80.0066,2942772,2024-11-25 20:44:05 UTC,,,
0FR7SDD6CR3R14S3HFR6ZQBET5,79.1639,2942772,2024-11-25 20:48:45 UTC,,,
0FR7SG463K356BVQ72M7ZMCWQB,76.6359,2942772,2024-11-25 20:53:30 UTC,,,
0FR7SM525MWE75C17X3DPJ940G,73.2654,2942772,2024-11-25 21:00:32 UTC,,,
0FR7SQ2WHCSZPSHPXJYGMW5389,75.7933,2942772,2024-11-25 21:05:40 UTC,,,
0FR7ST0ZD105GWYZQXQERGXWE4,78.3212,2942772,2024-11-25 21:10:48 UTC,,,
0FR7SWZ2B7CZV9QYXQ0VG5WPY5,75.7933,2942772,2024-11-25 21:15:56 UTC,,,
0FR7SZX5J78N1DH7WMASFBN3XM,75.7933,2942772,2024-11-25 21:21:05 UTC,,,
0FR7T18NNDY6EA19QNX9EJ9491,75.7933,2942772,2024-11-25 21:23:27 UTC,,,
0FR7T3ZR6G0VZ8SNH8RP9321XX,75.7933,2942772,2024-11-25 21:28:13 UTC,,,
0FR7T6XVAHK0PWGT407WCE76AC,76.6359,2942772,2024-11-25 21:33:21 UTC,,,
0FR7TB5VJHKW45SKPNTAB80J2V,76.6359,2942772,2024-11-25 21:40:47 UTC,,,
0FR7TE3Z7MBVM2QPG4ZSDNA1M1,77.4786,2942772,2024-11-25 21:45:55 UTC,,,
0FR7TFFM6H37556XQB8E2KMN98,76.6359,2942772,2024-11-25 21:48:18 UTC,,,
0FR7TJ4XMCCKDXN9G1JB7SV15C,75.7933,2942772,2024-11-25 21:52:58 UTC,,,
0FR7TN30VEKAFBRP38A57JAEH1,74.9507,2942772,2024-11-25 21:58:06 UTC,,,
0FR7TR13NZ4039B21BSKPGSBEF,74.9507,2942772,2024-11-25 22:03:14 UTC,,,
0FR7TTZ98WNPN3ATQMKCA5FGF0,72.4227,2942772,2024-11-25 22:08:23 UTC,,,
0FR7TWAW16PMFB69B54DV4Z0EY,75.7933,2942772,2024-11-25 22:10:46 UTC,,,
0FR7TZ3FS8TJR013ND22QJ74JC,74.9507,2942772,2024-11-25 22:15:36 UTC,,,
0FR7V0F52C6JM1M1Y2FJ5H9P2P,77.4786,2942772,2024-11-25 22:17:59 UTC,,,
0FR7V34K19DDAFJFF46CWV87MH,76.6359,2942772,2024-11-25 22:22:39 UTC,,,
0FR7V73S5VYP07KAD59SJC5PVB,75.7933,2942772,2024-11-25 22:29:36 UTC,,,
0FR7VBQV5TK8GBMC8Q47YA5FXF,75.7933,2942772,2024-11-25 22:37:41 UTC,,,
0FR7VEQERAPB7EYYZGDJY7N6E2,75.7933,2942772,2024-11-25 22:42:54 UTC,,,
0FR7VJZF1S6PZ4ZP5KPB4EDAGQ,69.8948,2942772,2024-11-25 22:50:20 UTC,,,
0FR7VP6M352W08DC3PM07APA2Y,70.7374,2942772,2024-11-25 22:55:58 UTC,,,
0FR7W9CZ8V52W6M24NEBC09N5M,66.5242,2942772,2024-11-25 23:29:31 UTC,,,
0FR7WARF7FMEA24RR6X6K0N19X,68.2094,2942772,2024-11-25 23:31:54 UTC,,,
0FR7WDE0HQGPTQA5WX32HMKF0S,67.3669,2942772,2024-11-25 23:36:34 UTC,,,
0FR7WHFZ3KNRRJ21Q2RACS1FYD,65.6815,2942772,2024-11-25 23:43:40 UTC,,,
0FR7WJVM6GWRAH5YDNS41MNHX1,63.9962,2942772,2024-11-25 23:46:03 UTC,,,
0FR7WNFFHHRYACY1CG4KMHWE1A,65.6815,2942772,2024-11-25 23:50:38 UTC,,,
0FR7WR4RWTHYXMGJC966REQD9K,63.9962,2942772,2024-11-25 23:55:17 UTC,,,
0FR7WXK9RJ0KQVYJ0TT3176ZFZ,66.5242,2942772,2024-11-26 00:04:49 UTC,,,
0FR7X0KR58RNTB14T7VJP02TQM,63.1536,2942772,2024-11-26 00:10:05 UTC,,,
0FR7X2MGZJ51XQW3EZE6CVND3Q,62.311,2942772,2024-11-26 00:13:37 UTC,,,
0FR7X5CG29XSQQWN5XG4VE2PE7,59.783,2942772,2024-11-26 00:18:26 UTC,,,
0FR7X8HXRQQ5NEF2RXQ7E3PNKH,63.1536,2942772,2024-11-26 00:23:58 UTC,,,
0FR7XAD9YC25T6RXTW2GWMQVX3,61.4683,2942772,2024-11-26 00:27:13 UTC,,,
0FR7XCNJEWAT63V5B8TJAC7Y02,61.4683,2942772,2024-11-26 00:31:09 UTC,,,
0FR7XFCP07P3RCB8QC000ZPMNH,63.1536,2942772,2024-11-26 00:35:55 UTC,,,
0FR7XH33RZHFPZH4BC657W3WHK,62.311,2942772,2024-11-26 00:38:53 UTC,,,
0FR7XM2MWY6FDAC0ZCX6AVTCPJ,61.4683,2942772,2024-11-26 00:44:06 UTC,,,
0FR7XRB7Q8ZAMREZS757X80F2W,62.311,2942772,2024-11-26 00:51:34 UTC,,,
0FR7XRBANWVY7CBFK6YE8GK2B0,62.311,2942772,2024-11-26 00:51:34 UTC,,,
0FR7XRBD5S9CTNSSJWNW8Z6KFG,62.311,2942772,2024-11-26 00:51:34 UTC,,,
0FR7XSFSY5TKD8N2EGK9Z02RW1,62.311,2942772,2024-11-26 00:53:34 UTC,,,
0FR7XWVHSVW2B555GJ0N3X1J0K,62.311,2942772,2024-11-26 00:59:27 UTC,,,
0FR7XWVM84FQEB1EAWX5KJ1Q68,62.311,2942772,2024-11-26 00:59:27 UTC,,,
0FR7Y0BV0WBVXKKHSGAQMSJ2EE,60.6257,2942772,2024-11-26 01:05:35 UTC,,,
0FR7Y0BY2HKQ530BPMHCVNSEA4,60.6257,2942772,2024-11-26 01:05:35 UTC,,,
0FR7Y0C2C4A6FF8R4ASPWK75RR,60.6257,2942772,2024-11-26 01:05:35 UTC,,,
0FR7Y1PHBQ8QKKZG7TEBZV625E,58.9404,2942772,2024-11-26 01:07:55 UTC,,,
0FR7Y4E8GPPSAEK0HJB4XPBKZN,61.4683,2942772,2024-11-26 01:12:42 UTC,,,
0FR7Y758F7YT8TEHPDG2FT543M,59.783,2942772,2024-11-26 01:17:27 UTC,,,
0FR7Y8GP4RFKBP3K33THH92TQZ,62.311,2942772,2024-11-26 01:19:49 UTC,,,
0FR7YB9KM3D20E0CGXFS9YSVWK,59.783,2942772,2024-11-26 01:24:41 UTC,,,
0FR7YE3Y1E6CCBJG9AVZC1P1YQ,57.2551,2942772,2024-11-26 01:29:37 UTC,,,
0FR7YH6RVVYMJPF136350CV28K,57.2551,2942772,2024-11-26 01:35:01 UTC,,,
0FR7YM6D2V1APXR5VK3Q8HKRVV,55.5698,2942772,2024-11-26 01:40:14 UTC,,,
0FR7YQ4G0N2JMPR258PGZRKQ1A,58.9404,2942772,2024-11-26 01:45:22 UTC,,,
0FR7YVCG1P02PRSM4FGRP0F5V1,60.6257,2942772,2024-11-26 01:52:48 UTC,,,
0FR7YYAKEHJB6B4W2YKPEHCF2J,61.4683,2942772,2024-11-26 01:57:56 UTC,,,
0FR7Z192NRKRJNV085ZFYYTYWP,57.2551,2942772,2024-11-26 02:03:06 UTC,,,
0FR7Z2JZHEXAX9VZV08ZZJ5WJK,57.2551,2942772,2024-11-26 02:05:23 UTC,,,
0FR7Z6KJA2FS6SWDF85AMM1NB3,58.9404,2942772,2024-11-26 02:12:25 UTC,,,
0FR7Z9HNQD5V2A9E0KWFZGBTTB,60.6257,2942772,2024-11-26 02:17:33 UTC,,,
0FR7ZAX60H440WTK5DHF9Q6A5T,57.2551,2942772,2024-11-26 02:19:55 UTC,,,
0FR7ZDV9H0Q4SX8XRFM49F8BJH,57.2551,2942772,2024-11-26 02:25:04 UTC,,,
0FR7ZJ39MZKGJJXW66TE8K92QT,60.6257,2942772,2024-11-26 02:32:30 UTC,,,
0FR7ZN1J2S9DGQ96CX4B1AZTJY,58.9404,2942772,2024-11-26 02:37:38 UTC,,,
0FR7ZQPTYSDMEYKS8CXR5K9RCP,60.6257,2942772,2024-11-26 02:42:18 UTC,,,
0FR7ZTN2SQ7HGA04MEDX8MYPZN,56.4124,2942772,2024-11-26 02:47:27 UTC,,,
0FR7ZXAGWZM9MY5MGFK3RAF9YT,56.4124,2942772,2024-11-26 02:52:07 UTC,,,
0FR8019QBJNZD5MA7BPKGBW3AK,57.2551,2942772,2024-11-26 02:59:03 UTC,,,
0FR8049GCGTTFA22ZB1F8Z7J47,57.2551,2942772,2024-11-26 03:04:17 UTC,,,
0FR805N5FG0WGH62Q43XPMJPPA,56.4124,2942772,2024-11-26 03:06:40 UTC,,,
0FR808ADY4SGTVZAZNVGWGNR9Q,57.2551,2942772,2024-11-26 03:11:20 UTC,,,
0FR80CWT8F91FHBDJ86GVNCDBH,57.2551,2942772,2024-11-26 03:19:19 UTC,,,
0FR80E8AEWTKK7E1SMY6CE3R2X,58.9404,2942772,2024-11-26 03:21:42 UTC,,,
0FR80GXPN6MT4M14YHCNH6D919,57.2551,2942772,2024-11-26 03:26:22 UTC,,,
0FR80KN4SRYRRMHSWT1J7770JH,55.5698,2942772,2024-11-26 03:31:08 UTC,,,
0FR80N991KQVV7A106BB6MS51R,56.4124,2942772,2024-11-26 03:33:59 UTC,,,
0FR80QZRPM7G2VYDC56GZ2YZCG,54.7272,2942772,2024-11-26 03:38:43 UTC,,,
0FR80TPZNK0VBV1X513ZEXT6H5,57.2551,2942772,2024-11-26 03:43:28 UTC,,,
0FR80XK9B5FAYYCXMECXX4FC12,56.4124,2942772,2024-11-26 03:48:31 UTC,,,
0FR80YYYB5EYJ8W3TAXSFXRNBD,55.5698,2942772,2024-11-26 03:50:54 UTC,,,
0FR811MJHSMYWQH9Z54PSME1YG,55.5698,2942772,2024-11-26 03:55:34 UTC,,,
0FR814YYWYWESQEG4DEQVAAGSF,55.5698,2942772,2024-11-26 04:01:23 UTC,,,
0FR816AF09X7XTAQY7W4A0767P,58.9404,2942772,2024-11-26 04:03:46 UTC,,,
0FR81ANJ35Q6WWCDP7728RSPC6,53.8845,2942772,2024-11-26 04:11:21 UTC,,,
0FR81DKAFWZHDV189ZMMBCWBD0,55.5698,2942772,2024-11-26 04:16:29 UTC,,,
0FR81EYR5G08BVDV3DM6JWFBKV,56.4124,2942772,2024-11-26 04:18:51 UTC,,,
0FR81HJW1948FFK1QWATBQETYK,55.5698,2942772,2024-11-26 04:23:27 UTC,,,
0FR81NRG0ST13MCBPBYJ2GWSVX,55.5698,2942772,2024-11-26 04:30:44 UTC,,,
0FR81RPKGZW4Q23QY1KD1B1JR1,55.5698,2942772,2024-11-26 04:35:53 UTC,,,
0FR81VFDSX018FX0TZXB789KFT,56.4124,2942772,2024-11-26 04:40:44 UTC,,,
0FR81Y31SHXN4YTYAD7HAPZ0H6,54.7272,2942772,2024-11-26 04:45:18 UTC,,,
0FR820Z1JEJEZH21T1V1HRCTD3,54.7272,2942772,2024-11-26 04:50:19 UTC,,,
0FR823MDWHQ2WY6XY10MX51A73,53.0418,2942772,2024-11-26 04:54:59 UTC,,,
0FR826BGAYWM2Q81Z6GQZPFZKB,53.0418,2942772,2024-11-26 04:59:44 UTC,,,
0FR8289R34570P45BTQBKVF34G,56.4124,2942772,2024-11-26 05:03:08 UTC,,,
0FR82CMPYH2C58729A4E1VC38W,54.7272,2942772,2024-11-26 05:10:44 UTC,,,
0FR82E0750XMXNAASN4KCWF92K,53.8845,2942772,2024-11-26 05:13:06 UTC,,,
0FR82GWP2Y0YMBY3770QEJVZTP,54.7272,2942772,2024-11-26 05:18:09 UTC,,,
0FR82KQ5KDQ5EC3TBN2FNJFKJ9,55.5698,2942772,2024-11-26 05:23:06 UTC,,,
0FR82PGVZ2GNPXM430MZ7D04P3,53.8845,2942772,2024-11-26 05:28:00 UTC,,,
0FR82TM5XPCJB7MEKB4KK70A99,55.5698,2942772,2024-11-26 05:35:10 UTC,,,
0FR82XKVM3GW16C057KPNT6G0P,54.7272,2942772,2024-11-26 05:40:24 UTC,,,
0FR82YXV0K2VBYMYFKMJJX1MEQ,53.0418,2942772,2024-11-26 05:42:41 UTC,,,
0FR831W4QK4P2D9JCTA4VM4Y4V,54.7272,2942772,2024-11-26 05:47:50 UTC,,,
0FR834FXCTN69SRREG6ZFQEP94,53.8845,2942772,2024-11-26 05:52:25 UTC,,,
0FR838GSNP1F4D0P5YB9B36KQS,54.7272,2942772,2024-11-26 05:59:27 UTC,,,
0FR839XKF5WCC78QNP0P5GSPHH,53.0418,2942772,2024-11-26 06:01:54 UTC,,,
0FR83CS2T1ZT9T204RC2KN2THD,55.5698,2942772,2024-11-26 06:06:54 UTC,,,
0FR83EJGBEX4P8YA52GSSPJS0J,56.4124,2942772,2024-11-26 06:10:02 UTC,,,
0FR83FWD4AVSTM9ZXAD7JZXQ46,50.5139,2942772,2024-11-26 06:12:19 UTC,,,
0FR83JTH1T6SXTZJ9QRHAQ860P,50.5139,2942772,2024-11-26 06:17:27 UTC,,,
0FR83NHNA267QHGKMZG39RBCJC,53.0418,2942772,2024-11-26 06:22:13 UTC,,,
0FR83RH93KQ5XZZBS5F3C08R67,50.5139,2942772,2024-11-26 06:27:26 UTC,,,
0FR83VFDEZXXS82WKP3XT90DKV,54.7272,2942772,2024-11-26 06:32:35 UTC,,,
0FR83Y6GQJEPF6P9N6TPHKNTWN,50.5139,2942772,2024-11-26 06:37:20 UTC,,,
0FR840T995RG6SM39SZ3X6DREJ,53.8845,2942772,2024-11-26 06:41:55 UTC,,,
0FR843RK7M0X2943GAPFCGCVP2,49.6713,2942772,2024-11-26 06:47:04 UTC,,,
0FR846DW3AB5WX84J8MC73H5WA,53.8845,2942772,2024-11-26 06:51:43 UTC,,,
0FR8494ZH8XFKQVMYM8Y92C848,53.8845,2942772,2024-11-26 06:56:29 UTC,,,
0FR84BVV6EFAHQC030MTF7C8JH,53.0418,2942772,2024-11-26 07:01:13 UTC,,,
0FR84EJV5PMKDAFZCCB5F417V0,55.5698,2942772,2024-11-26 07:05:58 UTC,,,
0FR84H9YZMJ7H3YC0QKVSE54NR,53.0418,2942772,2024-11-26 07:10:44 UTC,,,
0FR84M2M8EMWQJW2NAN8Q4P586,53.0418,2942772,2024-11-26 07:15:34 UTC,,,
0FR84PZ1MBF7NVDMHMA9S41WSV,53.8845,2942772,2024-11-26 07:20:37 UTC,,,
0FR84SX5R4FRXTMSTEXSBKR40P,52.1992,2942772,2024-11-26 07:25:46 UTC,,,
0FR84WNKBYWWJNAWQ1Y8DJJZG5,51.3565,2942772,2024-11-26 07:30:35 UTC,,,
0FR84XZGDKY3RB7Q9RZ8Z3RGMR,54.7272,2942772,2024-11-26 07:32:53 UTC,,,
0FR850PEX7CESR5QFWBE4Q7F2T,53.8845,2942772,2024-11-26 07:37:38 UTC,,,
0FR8551PZRQVH8K27TTGDTCH2W,52.1992,2942772,2024-11-26 07:45:14 UTC,,,
0FR857Y5A0SJCNH7VT0MK3X04H,53.8845,2942772,2024-11-26 07:50:17 UTC,,,
0FR85ARGNKEA7ZDWNK6H255PP5,54.7272,2942772,2024-11-26 07:55:13 UTC,,,
0FR85C40TYF121YCKNGVRS2RQS,53.0418,2942772,2024-11-26 07:57:35 UTC,,,
0FR85ESD7KGSN7FTB0DFDFNV03,53.0418,2942772,2024-11-26 08:02:15 UTC,,,
0FR85JZ9CFQSV3D4BAC4RXNQ73,54.7272,2942772,2024-11-26 08:09:34 UTC,,,
0FR85MAYWA1CDA1AADZM1XAE7V,53.0418,2942772,2024-11-26 08:11:57 UTC,,,
0FR85PYQJCXB7N9T9JGBP878ET,53.8845,2942772,2024-11-26 08:16:32 UTC,,,
0FR85TXY1MXEW6NK315N89EDQ0,53.8845,2942772,2024-11-26 08:23:28 UTC,,,
0FR85XMZW6BD4CFPRFE8P6ESJT,53.8845,2942772,2024-11-26 08:28:14 UTC,,,
0FR860C74N0K8ZZ3ZR908D0BPD,49.6713,2942772,2024-11-26 08:32:59 UTC,,,
0FR861S0W0VYVPETFTB2RTC6QP,50.5139,2942772,2024-11-26 08:35:26 UTC,,,
0FR864HV6GKR63GJQR5GRBS0YP,53.8845,2942772,2024-11-26 08:40:17 UTC,,,
0FR8675KNMGR50PEM7VZPSDNQN,55.5698,2942772,2024-11-26 08:44:52 UTC,,,
0FR869YAJGXX74CZ8MQ97EZJWS,50.5139,2942772,2024-11-26 08:49:42 UTC,,,
0FR86B87N5SXJFJPZNEV76N6FQ,53.8845,2942772,2024-11-26 08:52:00 UTC,,,
0FR86FRFWVJ7KTJP0VVCHJ5E5Z,54.7272,2942772,2024-11-26 08:59:53 UTC,,,
0FR86KQPX6KWHQCTQA47T16ARW,53.8845,2942772,2024-11-26 09:06:49 UTC,,,
0FR86NJNHY76QATVSRCW0R5PKR,53.8845,2942772,2024-11-26 09:10:03 UTC,,,
0FR86PWQFKGQQGR80Q4RC6Q9TW,53.8845,2942772,2024-11-26 09:12:20 UTC,,,
0FR86R6PW3J0QGFE3W7GGZRKJ9,53.8845,2942772,2024-11-26 09:14:38 UTC,,,
0FR86V2QM889FZC1M72YJAMHMH,54.7272,2942772,2024-11-26 09:19:39 UTC,,,
0FR86WPMR770AECPH8J5400Z2Q,50.5139,2942772,2024-11-26 09:22:30 UTC,,,
0FR86ZMRHKC14S9FBA34JFXE5S,54.7272,2942772,2024-11-26 09:27:38 UTC,,,
0FR8710DPJV6SQSVC17KAM0HDD,55.5698,2942772,2024-11-26 09:30:01 UTC,,,
0FR873RTRC01A4PN2QV1TWDWQS,53.8845,2942772,2024-11-26 09:34:51 UTC,,,
0FR87885B59PVG9NJCXP1E4452,56.4124,2942772,2024-11-26 09:42:40 UTC,,,
0FR879J4SF48FNPN82BVEZ800H,53.0418,2942772,2024-11-26 09:44:58 UTC,,,
0FR87CDY3K1WM8VT259A77654N,55.5698,2942772,2024-11-26 09:49:59 UTC,,,
0FR87GGEBQKCZQHKZ8MBB4K95D,53.8845,2942772,2024-11-26 09:57:06 UTC,,,
0FR87KAF1WPT362BXN43BAZRZK,55.5698,2942772,2024-11-26 10:02:01 UTC,,,
0FR87P17JWZTYQM3YFV8WHKBNB,49.6713,2942772,2024-11-26 10:06:46 UTC,,,
0FR87RVJ0A6DKBN4CJGBASGMP4,50.5139,2942772,2024-11-26 10:11:42 UTC,,,
0FR87T8QYX38E3X77S4S495F0H,53.0418,2942772,2024-11-26 10:14:10 UTC,,,
0FR87WZM8JZP3PPFPJ9Y59WT40,53.8845,2942772,2024-11-26 10:18:54 UTC,,,
0FR87ZMTHP8JE8EC2KZFWBXD2E,53.8845,2942772,2024-11-26 10:23:34 UTC,,,
0FR883WV86VZM17494KQ0SFJTN,56.4124,2942772,2024-11-26 10:30:59 UTC,,,
0FR886KYYJ1BTBVV8HJGY1V5Y9,53.8845,2942772,2024-11-26 10:35:45 UTC,,,
0FR8897JSFH0GJDCCS8JWMVQYH,53.8845,2942772,2024-11-26 10:40:19 UTC,,,
0FR88C1X8KFCJ6F894B89MZXYR,53.0418,2942772,2024-11-26 10:45:15 UTC,,,
0FR88DDDK3JGSHW9W09MV2FA4H,53.8845,2942772,2024-11-26 10:47:37 UTC,,,
0FR88GBFN3VX6K0NQ2D07BGK4T,53.8845,2942772,2024-11-26 10:52:46 UTC,,,
0FR88JT3DH2C4BK0J1ZGTKQA6X,53.8845,2942772,2024-11-26 10:57:03 UTC,,,
0FR88M6C14YHMX25PX8JZP5DEJ,49.6713,2942772,2024-11-26 10:59:28 UTC,,,
0FR88RDRJQMHMK60HMHV086Z18,53.8845,2942772,2024-11-26 11:06:52 UTC,,,
0FR88V9Q5AW5SPDQ1W3PFFWV17,50.5139,2942772,2024-11-26 11:11:53 UTC,,,
0FR88YASZVH0DQ34YYM6GJ22ZA,50.5139,2942772,2024-11-26 11:17:11 UTC,,,
0FR8911TYMK6KV3GAY8BJ2C3HY,53.8845,2942772,2024-11-26 11:21:57 UTC,,,
0FR894359F5B7Z031ADD5MTTTY,53.8845,2942772,2024-11-26 11:27:15 UTC,,,
0FR895D4Q7NAQFQRVJZJVZPY0Z,53.8845,2942772,2024-11-26 11:29:33 UTC,,,
0FR8982HGBMFV5KRSNG5N6A3EC,53.8845,2942772,2024-11-26 11:34:13 UTC,,,
0FR89CDRAZ3WDFR02SWE9X60BQ,52.1992,2942772,2024-11-26 11:41:49 UTC,,,
0FR89DQQTZSQXYBBEJZAWFRKAD,53.0418,2942772,2024-11-26 11:44:07 UTC,,,
0FR89GD9KYAGMTT6939DNVW620,52.1992,2942772,2024-11-26 11:48:47 UTC,,,
0FR89HRQ8Z79XDCAF45RS8292Z,52.1992,2942772,2024-11-26 11:51:09 UTC,,,
0FR89MPK4C4XZ3P96A6TG07PPX,53.8845,2942772,2024-11-26 11:56:17 UTC,,,
0FR89QP3VMJHH31074FRKC5RCS,53.8845,2942772,2024-11-26 12:01:30 UTC,,,
0FR89TG83MXHYE1KX7XK9EMGJ4,51.3565,2942772,2024-11-26 12:06:25 UTC,,,
0FR89XCN34AGHPQKHP6V56KJ7Y,51.3565,2942772,2024-11-26 12:11:28 UTC,,,
0FR8A0C7NRG02HD78BCWC3J6CB,47.9859,2942772,2024-11-26 12:16:41 UTC,,,
0FR8A648NRSWBM77Z59NREPMS0,53.8845,2942772,2024-11-26 12:26:44 UTC,,,
0FR8A8QZCNRXTK487CH3BHVY00,52.1992,2942772,2024-11-26 12:31:19 UTC,,,
0FR8ACXSR0XAKACWAHA47602T0,52.1992,2942772,2024-11-26 12:38:37 UTC,,,
0FR8AFZ55V43S77GGP6KHMET9F,52.1992,2942772,2024-11-26 12:43:56 UTC,,,
0FR8AJYTYZ10TB0CQXFC2M5YBC,52.1992,2942772,2024-11-26 12:49:10 UTC,,,
0FR8AM8WQKH9ENFP702TAVRN6B,47.9859,2942772,2024-11-26 12:51:27 UTC,,,
0FR8AQD56NAZH90BECRRDR09QB,52.1992,2942772,2024-11-26 12:56:56 UTC,,,
0FR8ARRNDBVRX1DSJZGPJ6WCQ0,51.3565,2942772,2024-11-26 12:59:19 UTC,,,
0FR8AVK3T6JK3EHXC49FBNHHG8,49.6713,2942772,2024-11-26 13:04:15 UTC,,,
0FR8AYD76QBKJMV1VF9XJH8NDC,48.8286,2942772,2024-11-26 13:09:10 UTC,,,
0FR8B12M9P0VDVNW84XKCFGM8F,52.1992,2942772,2024-11-26 13:13:50 UTC,,,
0FR8B3Z3TC7Q4SQ0T57T40J6VT,53.0418,2942772,2024-11-26 13:18:53 UTC,,,
0FR8B6SEVG88GK2WS8GTD3QNZE,50.5139,2942772,2024-11-26 13:23:49 UTC,,,
0FR8B84Z4JVWY88RPEBPP467ZV,53.0418,2942772,2024-11-26 13:26:12 UTC,,,
0FR8BC7J375YAQRX2D5JNB3888,50.5139,2942772,2024-11-26 13:33:20 UTC,,,
0FR8BDK2A550A92TP08MNP4N51,54.7272,2942772,2024-11-26 13:35:42 UTC,,,
0FR8BJ3TW33WXW4RFZ3WZT20EX,54.7272,2942772,2024-11-26 13:43:37 UTC,,,
0FR8BN54RHDRX6RFNDSBQCE4WZ,53.8845,2942772,2024-11-26 13:48:55 UTC,,,
0FR8BPGN347CVSM8N6E1Y8H13K,53.0418,2942772,2024-11-26 13:51:18 UTC,,,
0FR8BWG5315Z95XJMP4EWMCG0V,50.5139,2942772,2024-11-26 14:01:46 UTC,,,
0FR8C0RQKXWD499B91QS1T5ENB,55.5698,2942772,2024-11-26 14:09:13 UTC,,,
0FR8C3FVHPM95GCNKMPH9RWGT3,48.8286,2942772,2024-11-26 14:13:59 UTC,,,
0FR8C66TX88QYG5CSEW6XRP31H,53.8845,2942772,2024-11-26 14:18:44 UTC,,,
0FR8C96GF4P6NF51ESTZZ9X2NF,54.7272,2942772,2024-11-26 14:23:57 UTC,,,
0FR8CAJ5HG591Q1DBRB31YTBYW,53.8845,2942772,2024-11-26 14:26:20 UTC,,,
0FR8CD8ZY24WMYFQNF75V2Z7DZ,55.5698,2942772,2024-11-26 14:31:05 UTC,,,
0FR8CG8T8PRY9XY3CEJ2WABTWB,57.2551,2942772,2024-11-26 14:36:19 UTC,,,
0FR8CHMAHRE7XGD7RDPJQ0XC1P,55.5698,2942772,2024-11-26 14:38:41 UTC,,,
0FR8CNPTM7EXDJY4ESECRTHMQM,59.783,2942772,2024-11-26 14:45:49 UTC,,,
0FR8CRE17WVZGZ4FT2RPVWJ185,56.4124,2942772,2024-11-26 14:50:35 UTC,,,
0FR8CVBZVEQSCWC2HB6D937A81,58.9404,2942772,2024-11-26 14:55:42 UTC,,,
0FR8CYENQC8T253ED7Y3TK9EZB,59.783,2942772,2024-11-26 15:01:06 UTC,,,
0FR8D2SWXPJG0APF1K7MH1MCMV,59.783,2942772,2024-11-26 15:08:42 UTC,,,
0FR8D43WDGBRZRMAS8VGEHKZNA,60.6257,2942772,2024-11-26 15:11:00 UTC,,,
0FR8D6SEFTKEVVZ598SY6RT4QG,63.1536,2942772,2024-11-26 15:15:40 UTC,,,
0FR8D9GD65M1GQDA2P6SRVS7SC,60.6257,2942772,2024-11-26 15:20:25 UTC,,,
0FR8DE0J7PM2QEDSJZHX3QWB59,58.9404,2942772,2024-11-26 15:28:17 UTC,,,
0FR8DFC2JMA1B8F1BEJH3Z3YXD,65.6815,2942772,2024-11-26 15:30:40 UTC,,,
0FR8DKQ2A6MYG58482634ZJBQJ,63.1536,2942772,2024-11-26 15:38:15 UTC,,,
0FR8DN2G6AT8K9W9GBWJD3Z6D0,62.311,2942772,2024-11-26 15:40:38 UTC,,,
0FR8GNNZGR72S92YGPWE5QD64F,88.433,2942772,2024-11-26 18:29:28 UTC,,,
0FR8GV2QJM45P6W8511961SBFH,94.3315,2942772,2024-11-26 18:38:54 UTC,,,
0FR8H1M9EEFWJ3P3CVH6PXSVF7,92.6462,2942772,2024-11-26 18:50:21 UTC,,,
0FR8H6V55QP05RPTPX51XPD1GJ,79.1639,2942772,2024-11-26 18:59:27 UTC,,,
0FR8HBAQJTNWJQY3V5ENM1MXXX,83.3771,2942772,2024-11-26 19:07:18 UTC,,,
0FR8HCP7KXC9H4XT1DXYFAMXJC,82.5345,2942772,2024-11-26 19:09:40 UTC,,,
0FR8HHY11PCGJ5XCS0P76D1YJM,89.2756,2942772,2024-11-26 19:18:50 UTC,,,
0FR8HVQQADF8XJ76H84G1ATKF0,88.433,2942772,2024-11-26 19:35:58 UTC,,,
0FR8HZSEQ5HG6MC6XQ48KDYBYW,89.2756,2942772,2024-11-26 19:43:03 UTC,,,
0FR8J67FP649QY98ESPS2JDMDW,87.5904,2942772,2024-11-26 19:54:18 UTC,,,
0FR8J93NXD36NV0WFJXS5S4DVJ,88.433,2942772,2024-11-26 19:59:20 UTC,,,
0FR8JD9ZP10QXPFHDFJ89W0CKB,86.7477,2942772,2024-11-26 20:06:41 UTC,,,
0FR8JGQBQZR8G666M32639WQ6W,88.433,2942772,2024-11-26 20:12:39 UTC,,,
0FR8JMA5GV9T20FAZ25TB5SKM1,90.9609,2942772,2024-11-26 20:18:55 UTC,,,
0FR8JSTF50ZXXWKEP9G70N918C,97.7021,2942772,2024-11-26 20:28:33 UTC,,,
0FR8JWVM7FXVRJFNM8GAJDH8VB,93.4888,2942772,2024-11-26 20:33:51 UTC,,,
0FR8K1AYWQ5ZTR9B8RSHRKARDK,97.7021,2942772,2024-11-26 20:41:41 UTC,,,
0FR8M40SZBVT9NW9MT6V31ZF46,94.3315,2942772,2024-11-26 21:42:18 UTC,,,
0FR8MB81MDP5CWCR36BGEG662Q,92.6462,2942772,2024-11-26 21:54:55 UTC,,,
0FR8MHV919G4ZG8D7YC85PH2VJ,95.1742,2942772,2024-11-26 22:06:28 UTC,,,
0FR8MYCKKS2JEB4MFN21M8Q95J,91.8036,2942772,2024-11-26 22:28:23 UTC,,,
0FR8NAW4C54XJMV88HQY1BR5DT,90.1183,2942772,2024-11-26 22:50:12 UTC,,,
0FR8NB5ECB383FFMAQ37NS6VQP,87.5904,2942772,2024-11-26 22:50:42 UTC,,,
0FR8NFXMVDY8Z24AMB236NM9KK,86.7477,2942772,2024-11-26 22:59:01 UTC,,,
0FR8NNT7MG22J2SP7BZ7ETWP47,80.0066,2942772,2024-11-26 23:09:19 UTC,,,
0FR8NT3JKW5EH682T5K2PMB24G,80.0066,2942772,2024-11-26 23:16:49 UTC,,,
0FR8P5F2TAVGY5SMRJ5J7A0QW1,75.7933,2942772,2024-11-26 23:36:40 UTC,,,
0FR8PH2NPQHHXX7394RDNTMPSH,72.4227,2942772,2024-11-26 23:56:58 UTC,,,
0FR8R2N5RFNN5CXK5TCX49H3MS,72.4227,2942772,2024-11-27 01:23:36 UTC,,,
0FR8REJJCZ90RK000HW82027PG,69.8948,2942772,2024-11-27 01:44:26 UTC,,,
0FR8RH6RBNDF30SH0FWWEY6SYE,67.3669,2942772,2024-11-27 01:49:02 UTC,,,
0FR8RNGE1DK1YME7SP4KJS7ZN8,69.0521,2942772,2024-11-27 01:56:33 UTC,,,
